titulo,precio,proteinas,carbohidratos,grasas,fibra,calories,texto_busqueda,norm_precio,norm_nutri,score_nutricional,url
Banana granel 900 g aprox.,14.48,18.9,9.4,5.0,5.5,399.0,banana granel 900 g aprox. frescos banana granel 900 g aprox.,0.03251445093695704,75.599999996976,14.7,https://www.dia.es/frutas/platanos-y-bananas/p/42070
Plátano de canarias bolsa 1 Kg aprox.,4.62,3.2,42.4,17.4,7.6,452.0,plátano de canarias bolsa 1 kg aprox. frescos plátano de canarias bolsa 1 kg aprox.,0.744942196550221,12.799999999488001,-27.799999999999997,https://www.dia.es/frutas/platanos-y-bananas/p/11468
Plátano de Canarias El afortunado 950 g aprox.,1.12,9.5,14.2,14.0,6.8,211.0,plátano de canarias el afortunado 950 g aprox. frescos plátano de canarias el afortunado 950 g aprox.,0.9978323699423531,37.99999999848,-4.799999999999999,https://www.dia.es/frutas/platanos-y-bananas/p/142776
Plátano bio bolsa 1 Kg aprox.,5.47,13.2,7.8,19.6,6.9,334.0,plátano bio bolsa 1 kg aprox. frescos plátano bio bolsa 1 kg aprox.,0.6835260115835602,52.799999997887994,-3.4,https://www.dia.es/frutas/platanos-y-bananas/p/170563
Plátano macho para freír granel 1 Kg aprox.,7.13,22.3,57.9,5.9,4.4,185.0,plátano macho para freír granel 1 kg aprox. frescos plátano macho para freír granel 1 kg aprox.,0.5635838150604346,89.199999996432,-8.149999999999995,https://www.dia.es/frutas/platanos-y-bananas/p/53584
Manzana Golden bolsa 1 Kg,9.19,24.1,41.2,8.2,3.8,146.0,manzana golden bolsa 1 kg frescos manzana golden bolsa 1 kg,0.41473988443535115,96.399999996144,-0.8999999999999986,https://www.dia.es/frutas/manzanas-y-peras/p/171233
Pera conferencia bandeja 700 g,2.79,18.6,57.3,19.4,5.1,479.0,pera conferencia bandeja 700 g frescos pera conferencia bandeja 700 g,0.8771676300666786,74.399999997024,-24.349999999999994,https://www.dia.es/frutas/manzanas-y-peras/p/159310
Manzana roja dulce selección granel 500 g aprox.,6.2,4.7,52.5,10.3,2.9,391.0,manzana roja dulce selección granel 500 g aprox. frescos manzana roja dulce selección granel 500 g aprox.,0.630780346847487,18.799999999248,-28.950000000000003,https://www.dia.es/frutas/manzanas-y-peras/p/69
Manzana Golden granel 500 g aprox.,7.88,17.7,55.2,14.1,1.1,387.0,manzana golden granel 500 g aprox. frescos manzana golden granel 500 g aprox.,0.5093930636192635,70.799999997168,-22.9,https://www.dia.es/frutas/manzanas-y-peras/p/97
Pera D.O.P. Rincon de soto granel 800 g aprox.,2.55,8.6,9.6,20.9,1.8,105.0,pera d.o.p. rincon de soto granel 800 g aprox. frescos pera d.o.p. rincon de soto granel 800 g aprox.,0.8945086705278534,34.399999998624,-15.299999999999997,https://www.dia.es/frutas/manzanas-y-peras/p/32063
Mandarina malla 1 Kg,10.47,6.0,34.0,23.1,2.4,98.0,mandarina malla 1 kg frescos mandarina malla 1 kg,0.32225433530908565,23.99999999904,-31.700000000000003,https://www.dia.es/frutas/naranjas-mandarinas-y-limones/p/11464
Limones malla 750 g,5.61,23.2,8.9,24.2,8.2,283.0,limones malla 750 g frescos limones malla 750 g,0.6734104046478749,92.799999996288,2.749999999999999,https://www.dia.es/frutas/naranjas-mandarinas-y-limones/p/11463
Naranjas para zumo bolsa 4 Kg,4.58,18.6,15.9,26.6,3.2,99.0,naranjas para zumo bolsa 4 kg frescos naranjas para zumo bolsa 4 kg,0.7478323699604168,74.399999997024,-12.75,https://www.dia.es/frutas/naranjas-mandarinas-y-limones/p/13627
Naranjas de mesa malla 2 Kg,1.32,14.3,44.3,10.5,8.5,290.0,naranjas de mesa malla 2 kg frescos naranjas de mesa malla 2 kg,0.9833815028913742,57.199999997712005,-9.849999999999998,https://www.dia.es/frutas/naranjas-mandarinas-y-limones/p/11467
Mandarina selección malla 750 g,9.09,11.3,8.4,28.2,7.1,250.0,mandarina selección malla 750 g frescos mandarina selección malla 750 g,0.4219653179608407,45.199999998192006,-14.0,https://www.dia.es/frutas/naranjas-mandarinas-y-limones/p/206952
Melón piel de sapo unidad 2.8 Kg aprox.,6.32,0.1,18.1,0.8,3.7,280.0,melón piel de sapo unidad 2.8 kg aprox. frescos melón piel de sapo unidad 2.8 kg aprox.,0.6221098266168996,0.39999999998400004,-6.050000000000001,https://www.dia.es/frutas/melon-y-sandia/p/28887
Medio melón piel de sapo unidad 1.25 Kg aprox.,1.64,14.7,15.2,15.7,1.4,243.0,medio melón piel de sapo unidad 1.25 kg aprox. frescos medio melón piel de sapo unidad 1.25 kg aprox.,0.9602601156098078,58.799999997648,-7.200000000000001,https://www.dia.es/frutas/melon-y-sandia/p/265125
Sandía selección unidad 3.5 Kg aprox.,3.27,4.8,42.7,27.1,5.7,305.0,sandía selección unidad 3.5 kg aprox. frescos sandía selección unidad 3.5 kg aprox.,0.842485549144329,19.199999999232,-37.95,https://www.dia.es/frutas/melon-y-sandia/p/302095
Medio melón premium Bollo unidad 1.25 Kg aprox.,2.59,11.1,19.5,18.3,0.7,312.0,medio melón premium bollo unidad 1.25 kg aprox. frescos medio melón premium bollo unidad 1.25 kg aprox.,0.8916184971176576,44.399999998224,-16.25,https://www.dia.es/frutas/melon-y-sandia/p/283367
Melón premium Bollo unidad 2.5 Kg aprox.,3.92,8.7,52.8,26.7,5.8,115.0,melón premium bollo unidad 2.5 kg aprox. frescos melón premium bollo unidad 2.5 kg aprox.,0.7955202312286473,34.799999998607994,-38.599999999999994,https://www.dia.es/frutas/melon-y-sandia/p/283354
Uva blanca sin semillas bandeja 400 g,2.1,12.0,50.2,25.7,9.9,149.0,uva blanca sin semillas bandeja 400 g frescos uva blanca sin semillas bandeja 400 g,0.9270231213925562,47.99999999808,-28.900000000000002,https://www.dia.es/frutas/uvas/p/125621
Uva roja sin semilla 400 g,6.07,9.1,22.3,5.4,6.1,54.0,uva roja sin semilla 400 g frescos uva roja sin semilla 400 g,0.6401734104306233,36.399999998544,-1.3500000000000014,https://www.dia.es/frutas/uvas/p/193538
Aguacate bandeja 450 g,6.03,3.4,11.6,23.3,2.3,142.0,aguacate bandeja 450 g frescos aguacate bandeja 450 g,0.6430635838408191,13.599999999456,-23.400000000000002,https://www.dia.es/frutas/frutas-tropicales/p/220373
Mango bandeja 2 unidades,14.03,0.9,36.9,12.6,3.8,385.0,mango bandeja 2 unidades frescos mango bandeja 2 unidades,0.06502890180165977,3.599999999856,-26.349999999999998,https://www.dia.es/frutas/frutas-tropicales/p/166057
Kiwi bandeja 700 g,12.6,15.3,55.5,12.0,1.5,405.0,kiwi bandeja 700 g frescos kiwi bandeja 700 g,0.16835260121615947,61.199999997552,-22.95,https://www.dia.es/frutas/frutas-tropicales/p/270541
Kiwi granel 500 g aprox.,9.59,24.3,2.9,2.2,8.2,125.0,kiwi granel 500 g aprox. frescos kiwi granel 500 g aprox.,0.3858381503333932,97.19999999611201,28.85,https://www.dia.es/frutas/frutas-tropicales/p/78
Kiwi amarillo Zespri bandeja 500 g,2.8,9.8,40.3,12.5,5.9,487.0,kiwi amarillo zespri bandeja 500 g frescos kiwi amarillo zespri bandeja 500 g,0.8764450867141297,39.199999998432,-16.949999999999996,https://www.dia.es/frutas/frutas-tropicales/p/237458
Fresón bandeja 500 g,8.99,24.5,23.1,8.4,0.8,443.0,fresón bandeja 500 g frescos fresón bandeja 500 g,0.4291907514863301,97.99999999608,5.349999999999998,https://www.dia.es/frutas/frutos-rojos-y-del-bosque/p/12254
Fresón bandeja 1 Kg,6.81,14.7,46.8,22.1,3.7,313.0,fresón bandeja 1 kg frescos fresón bandeja 1 kg,0.5867052023420011,58.799999997648,-27.1,https://www.dia.es/frutas/frutos-rojos-y-del-bosque/p/46390
Arándanos vaso 170 g,7.22,17.9,34.7,10.7,6.2,352.0,arándanos vaso 170 g frescos arándanos vaso 170 g,0.5570809248874942,71.599999997136,-3.950000000000003,https://www.dia.es/frutas/frutos-rojos-y-del-bosque/p/190387
Frutos rojos congelados Dia Fruticampo bolsa 300 g,12.86,16.8,38.7,25.9,7.6,422.0,frutos rojos congelados dia fruticampo bolsa 300 g frescos frutos rojos congelados dia fruticampo bolsa 300 g,0.14956647404988688,67.199999997312,-20.85,https://www.dia.es/frutas/frutas-congeladas/p/305811
Frambuesas bandeja 125 g,14.76,24.5,0.2,6.7,3.1,414.0,frambuesas bandeja 125 g frescos frambuesas bandeja 125 g,0.012283237065586428,97.99999999608,20.8,https://www.dia.es/frutas/frutos-rojos-y-del-bosque/p/133913
Fresas congeladas Dia Fruticampo bolsa 300 g,4.47,7.4,28.0,7.7,8.7,289.0,fresas congeladas dia fruticampo bolsa 300 g frescos fresas congeladas dia fruticampo bolsa 300 g,0.7557803468384552,29.599999998816003,-5.599999999999998,https://www.dia.es/frutas/frutas-congeladas/p/305810
Mango congelado Congelados de Navarra bolsa 300 g,5.55,24.0,43.9,18.7,6.1,295.0,mango congelado congelados de navarra bolsa 300 g frescos mango congelado congelados de navarra bolsa 300 g,0.6777456647631687,95.99999999616,-10.549999999999997,https://www.dia.es/frutas/frutas-congeladas/p/309590
Pechuga de pavo Dia Nuestra Alacena 2 x 200 g,8.11,1.0,0.2,14.7,4.6,425.0,pechuga de pavo dia nuestra alacena 2 x 200 g charcuteria pechuga de pavo dia nuestra alacena 2 x 200 g,0.49277456651063767,3.9999999998400004,-9.2,https://www.dia.es/charcuteria-y-quesos/jamon-cocido-pavo-y-pollo/p/273810
Jamón cocido extra Dia Nuestra Alacena 2 x 225 g,8.6,23.3,33.4,10.6,5.4,251.0,jamón cocido extra dia nuestra alacena 2 x 225 g charcuteria jamón cocido extra dia nuestra alacena 2 x 225 g,0.4573699422357391,93.199999996272,1.4000000000000021,https://www.dia.es/charcuteria-y-quesos/jamon-cocido-pavo-y-pollo/p/273957
Jamón cocido extra 97% Dia Nuestra Alacena 150 g,7.45,6.1,31.4,7.1,0.1,160.0,jamón cocido extra 97% dia nuestra alacena 150 g charcuteria jamón cocido extra 97% dia nuestra alacena 150 g,0.5404624277788683,24.399999999024,-16.6,https://www.dia.es/charcuteria-y-quesos/jamon-cocido-pavo-y-pollo/p/273737
Lacón cortado a mano Dia Nuestra Alacena 170 g,3.45,23.0,24.7,24.6,6.0,334.0,lacón cortado a mano dia nuestra alacena 170 g charcuteria lacón cortado a mano dia nuestra alacena 170 g,0.829479768798448,91.99999999632,-7.950000000000001,https://www.dia.es/charcuteria-y-quesos/jamon-cocido-pavo-y-pollo/p/308802
Pechuga de pavo 92% Dia Nuestra Alacena 120 g,5.93,15.6,53.7,17.8,8.6,66.0,pechuga de pavo 92% dia nuestra alacena 120 g charcuteria pechuga de pavo 92% dia nuestra alacena 120 g,0.6502890173663086,62.399999997504,-20.450000000000003,https://www.dia.es/charcuteria-y-quesos/jamon-cocido-pavo-y-pollo/p/273965
Jamón Serrano Dia Nuestra Alacena 200 g,1.09,0.4,30.3,29.9,2.0,473.0,jamón serrano dia nuestra alacena 200 g charcuteria jamón serrano dia nuestra alacena 200 g,1.0,1.5999999999360002,-42.65,https://www.dia.es/charcuteria-y-quesos/jamon-curado-y-paleta/p/274051
Mini taquitos de jamón curado Dia Nuestra Alacena 2 x 75 g,13.14,2.3,51.9,19.8,1.5,325.0,mini taquitos de jamón curado dia nuestra alacena 2 x 75 g charcuteria mini taquitos de jamón curado dia nuestra alacena 2 x 75 g,0.12933526017851615,9.199999999632,-41.95,https://www.dia.es/charcuteria-y-quesos/jamon-curado-y-paleta/p/274059
Jamón curado Navidul 45 g,4.05,8.4,22.3,15.1,7.9,55.0,jamón curado navidul 45 g charcuteria jamón curado navidul 45 g,0.786127167645511,33.599999998656,-9.95,https://www.dia.es/charcuteria-y-quesos/jamon-curado-y-paleta/p/118111
Jamón curado gran reserva 50% Duroc Dia Nuestra Alacena 90 g,6.26,5.7,41.1,29.5,7.0,291.0,jamón curado gran reserva 50% duroc dia nuestra alacena 90 g charcuteria jamón curado gran reserva 50% duroc dia nuestra alacena 90 g,0.6264450867321933,22.799999999088,-37.35,https://www.dia.es/charcuteria-y-quesos/jamon-curado-y-paleta/p/307223
Paleta de cebo ibérica 50% Dia Nuestra Alacena 100 g,2.75,17.9,18.1,1.4,3.5,75.0,paleta de cebo ibérica 50% dia nuestra alacena 100 g charcuteria paleta de cebo ibérica 50% dia nuestra alacena 100 g,0.8800578034768745,71.599999997136,10.95,https://www.dia.es/charcuteria-y-quesos/jamon-curado-y-paleta/p/274058
Salchichón extra Dia Nuestra Alacena 2 x 100 g,7.64,12.3,40.2,22.9,2.4,487.0,salchichón extra dia nuestra alacena 2 x 100 g charcuteria salchichón extra dia nuestra alacena 2 x 100 g,0.5267341040804383,49.199999998032,-28.299999999999997,https://www.dia.es/charcuteria-y-quesos/lomo-chorizo-fuet-y-salchichon/p/274140
Chorizo extra Dia Nuestra Alacena 2 x 100 g,1.63,1.4,30.3,27.2,0.8,392.0,chorizo extra dia nuestra alacena 2 x 100 g charcuteria chorizo extra dia nuestra alacena 2 x 100 g,0.9609826589623568,5.599999999775999,-40.15,https://www.dia.es/charcuteria-y-quesos/lomo-chorizo-fuet-y-salchichon/p/273988
Lomo embuchado Dia Nuestra Alacena 2 x 70 g,11.21,5.1,4.2,21.6,4.9,252.0,lomo embuchado dia nuestra alacena 2 x 70 g charcuteria lomo embuchado dia nuestra alacena 2 x 70 g,0.26878612722046336,20.399999999183997,-13.700000000000001,https://www.dia.es/charcuteria-y-quesos/lomo-chorizo-fuet-y-salchichon/p/274063
Pepperoni Dia Nuestra Alacena 75 g,5.61,0.9,0.4,1.7,1.3,160.0,pepperoni dia nuestra alacena 75 g charcuteria pepperoni dia nuestra alacena 75 g,0.6734104046478749,3.599999999856,0.3000000000000002,https://www.dia.es/charcuteria-y-quesos/lomo-chorizo-fuet-y-salchichon/p/307966
Longaniza payés extra Dia Nuestra Alacena 2 x 50 g,4.48,12.0,59.2,14.7,3.1,294.0,longaniza payés extra dia nuestra alacena 2 x 50 g charcuteria longaniza payés extra dia nuestra alacena 2 x 50 g,0.7550578034859061,47.99999999808,-29.200000000000003,https://www.dia.es/charcuteria-y-quesos/lomo-chorizo-fuet-y-salchichon/p/303639
Bacon en tiras Dia Nuestra Alacena 2 x 100 g,6.99,11.5,45.9,5.6,1.8,386.0,bacon en tiras dia nuestra alacena 2 x 100 g charcuteria bacon en tiras dia nuestra alacena 2 x 100 g,0.57369942199612,45.99999999816,-15.249999999999998,https://www.dia.es/charcuteria-y-quesos/salchichas-y-bacon/p/273750
Bacon en lonchas Dia Nuestra Alacena 200 g,5.14,22.5,38.6,17.6,3.1,96.0,bacon en lonchas dia nuestra alacena 200 g charcuteria bacon en lonchas dia nuestra alacena 200 g,0.7073699422176756,89.9999999964,-11.3,https://www.dia.es/charcuteria-y-quesos/salchichas-y-bacon/p/273749
Salchichas frankfurt Dia Funky Frank 2 x 160 g,14.33,8.2,3.5,28.6,5.7,367.0,salchichas frankfurt dia funky frank 2 x 160 g charcuteria salchichas frankfurt dia funky frank 2 x 160 g,0.043352601225191245,32.799999998687994,-16.450000000000003,https://www.dia.es/charcuteria-y-quesos/salchichas-y-bacon/p/303819
Salchichas frankfurt con queso Dia Funky Frank 2 x 140 g,4.05,11.7,21.4,19.3,7.8,268.0,salchichas frankfurt con queso dia funky frank 2 x 140 g charcuteria salchichas frankfurt con queso dia funky frank 2 x 140 g,0.786127167645511,46.799999998127994,-10.5,https://www.dia.es/charcuteria-y-quesos/salchichas-y-bacon/p/303820
Guanciale Dia Selección Mundial 100 g,13.06,8.0,55.5,9.9,6.9,296.0,guanciale dia selección mundial 100 g charcuteria guanciale dia selección mundial 100 g,0.1351156069989078,31.999999998720003,-22.75,https://www.dia.es/charcuteria-y-quesos/salchichas-y-bacon/p/302663
Mortadela con aceitunas Dia Nuestra Alacena 250 g,10.57,7.2,58.1,19.8,6.8,349.0,mortadela con aceitunas dia nuestra alacena 250 g charcuteria mortadela con aceitunas dia nuestra alacena 250 g,0.3150289017835961,28.799999998848,-34.85,https://www.dia.es/charcuteria-y-quesos/chopped-y-mortadela/p/273961
Mortadela Dia Nuestra Alacena 250 g,7.46,17.2,42.6,27.1,1.6,262.0,mortadela dia nuestra alacena 250 g charcuteria mortadela dia nuestra alacena 250 g,0.5397398844263194,68.799999997248,-29.6,https://www.dia.es/charcuteria-y-quesos/chopped-y-mortadela/p/273960
Chopped pork Dia Nuestra Alacena 250 g,7.19,8.5,55.6,27.9,3.4,299.0,chopped pork dia nuestra alacena 250 g charcuteria chopped pork dia nuestra alacena 250 g,0.5592485549451409,33.99999999864,-43.8,https://www.dia.es/charcuteria-y-quesos/chopped-y-mortadela/p/273959
Mortadela Bologna I.G.P. Dia Selección Mundial 150 g,14.72,23.3,46.7,5.2,4.3,183.0,mortadela bologna i.g.p. dia selección mundial 150 g charcuteria mortadela bologna i.g.p. dia selección mundial 150 g,0.015173410475782245,93.199999996272,-0.9499999999999993,https://www.dia.es/charcuteria-y-quesos/chopped-y-mortadela/p/273756
Chopped de pavo Dia Nuestra Alacena 200 g,5.45,2.4,5.0,10.2,9.0,366.0,chopped de pavo dia nuestra alacena 200 g charcuteria chopped de pavo dia nuestra alacena 200 g,0.6849710982886581,9.599999999616,-1.299999999999999,https://www.dia.es/charcuteria-y-quesos/chopped-y-mortadela/p/273953
Paté clásico La piara 2 x 75 g,8.63,14.4,41.2,0.4,0.1,181.0,paté clásico la piara 2 x 75 g charcuteria paté clásico la piara 2 x 75 g,0.45520231217809226,57.599999997696,-6.500000000000002,https://www.dia.es/charcuteria-y-quesos/pate-foie-y-sobrasada/p/306350
Paté de atún Dia Nuestra Alacena 2 x 75 g,7.78,14.1,52.7,13.0,1.2,410.0,paté de atún dia nuestra alacena 2 x 75 g charcuteria paté de atún dia nuestra alacena 2 x 75 g,0.5166184971447529,56.399999997744,-24.050000000000004,https://www.dia.es/charcuteria-y-quesos/pate-foie-y-sobrasada/p/293539
Paté a la pimienta Dia Nuestra Alacena 125 g,10.21,1.3,3.6,22.9,0.9,345.0,paté a la pimienta dia nuestra alacena 125 g charcuteria paté a la pimienta dia nuestra alacena 125 g,0.34104046247535824,5.199999999792,-22.5,https://www.dia.es/charcuteria-y-quesos/pate-foie-y-sobrasada/p/39997
Paté de sardinas Dia Nuestra Alacena 110 g,2.61,14.6,16.3,3.3,1.9,202.0,paté de sardinas dia nuestra alacena 110 g charcuteria paté de sardinas dia nuestra alacena 110 g,0.8901734104125597,58.399999997664,5.049999999999999,https://www.dia.es/charcuteria-y-quesos/pate-foie-y-sobrasada/p/307381
Paté de cerdo ibérico Dia Nuestra Alacena 125 g,14.76,4.4,27.2,14.0,8.4,287.0,paté de cerdo ibérico dia nuestra alacena 125 g charcuteria paté de cerdo ibérico dia nuestra alacena 125 g,0.012283237065586428,17.599999999296003,-14.799999999999999,https://www.dia.es/charcuteria-y-quesos/pate-foie-y-sobrasada/p/57937
Queso semicurado Dia El Cencerro 250 g,12.67,10.5,35.7,4.5,9.2,210.0,queso semicurado dia el cencerro 250 g charcuteria queso semicurado dia el cencerro 250 g,0.1632947977483168,41.99999999832,-2.650000000000002,https://www.dia.es/charcuteria-y-quesos/queso-curado-semi-y-tierno/p/108586
Queso curado Dia El Cencerro 250 g,13.14,2.3,43.9,18.5,9.9,445.0,queso curado dia el cencerro 250 g charcuteria queso curado dia el cencerro 250 g,0.12933526017851615,9.199999999632,-28.25,https://www.dia.es/charcuteria-y-quesos/queso-curado-semi-y-tierno/p/108589
Queso de oveja curado Dia El Cencerro 200 g,13.38,22.7,5.4,7.6,5.9,485.0,queso de oveja curado dia el cencerro 200 g charcuteria queso de oveja curado dia el cencerro 200 g,0.11199421971734136,90.799999996368,18.3,https://www.dia.es/charcuteria-y-quesos/queso-curado-semi-y-tierno/p/304214
Queso tierno mezcla Dia El Cencerro 250 g,6.63,12.0,28.0,24.1,7.5,385.0,queso tierno mezcla dia el cencerro 250 g charcuteria queso tierno mezcla dia el cencerro 250 g,0.5997109826878821,47.99999999808,-18.6,https://www.dia.es/charcuteria-y-quesos/queso-curado-semi-y-tierno/p/304698
Rulo de queso de cabra Dia Láctea 140 g,8.33,7.2,25.5,24.1,6.9,50.0,rulo de queso de cabra dia láctea 140 g charcuteria rulo de queso de cabra dia láctea 140 g,0.4768786127545608,28.799999998848,-22.75,https://www.dia.es/charcuteria-y-quesos/queso-azul-roquefort-y-cabra/p/120966
Queso mozzarella rallado Dia Láctea 200 g,6.52,11.9,20.6,25.4,8.6,349.0,queso mozzarella rallado dia láctea 200 g charcuteria queso mozzarella rallado dia láctea 200 g,0.6076589595659205,47.599999998095996,-15.2,https://www.dia.es/charcuteria-y-quesos/quesos-en-lonchas-y-rallado/p/13096
Queso gouda Dia Selección Mundial 240 g,9.75,2.5,43.6,15.0,5.9,485.0,queso gouda dia selección mundial 240 g charcuteria queso gouda dia selección mundial 240 g,0.37427745669261003,9.9999999996,-28.4,https://www.dia.es/charcuteria-y-quesos/quesos-en-lonchas-y-rallado/p/263231
Queso rallado 4 quesos Dia Láctea 200 g,11.42,22.0,59.9,16.1,5.2,66.0,queso rallado 4 quesos dia láctea 200 g charcuteria queso rallado 4 quesos dia láctea 200 g,0.25361271681693554,87.99999999648,-18.85,https://www.dia.es/charcuteria-y-quesos/quesos-en-lonchas-y-rallado/p/50652
Queso tex-mex picante rallado Dia Láctea 150 g,11.71,13.0,57.5,0.4,1.4,488.0,queso tex-mex picante rallado dia láctea 150 g charcuteria queso tex-mex picante rallado dia láctea 150 g,0.23265895959301586,51.99999999792,-14.75,https://www.dia.es/charcuteria-y-quesos/quesos-en-lonchas-y-rallado/p/303978
Queso sándwich Dia Láctea 160 g,14.68,5.6,9.5,4.4,1.8,449.0,queso sándwich dia láctea 160 g charcuteria queso sándwich dia láctea 160 g,0.018063583885978063,22.399999999103997,-1.7500000000000009,https://www.dia.es/charcuteria-y-quesos/quesos-en-lonchas-y-rallado/p/302962
Queso de untar natural Dia Láctea 250 g,4.9,12.1,15.3,19.1,9.3,317.0,queso de untar natural dia láctea 250 g charcuteria queso de untar natural dia láctea 250 g,0.7247109826788503,48.399999998064,-5.350000000000003,https://www.dia.es/charcuteria-y-quesos/quesos-untables-y-fundidos/p/263518
Queso de untar natural light Dia Láctea 250 g,14.18,24.7,56.4,2.2,2.8,111.0,queso de untar natural light dia láctea 250 g charcuteria queso de untar natural light dia láctea 250 g,0.05419075151342556,98.79999999604799,-2.8999999999999986,https://www.dia.es/charcuteria-y-quesos/quesos-untables-y-fundidos/p/263519
Crema de queso camembert Dia Láctea 125 g,14.82,18.5,42.2,11.0,0.1,126.0,crema de queso camembert dia láctea 125 g charcuteria crema de queso camembert dia láctea 125 g,0.007947976950292701,73.99999999704,-13.5,https://www.dia.es/charcuteria-y-quesos/quesos-untables-y-fundidos/p/120200
Quesitos Dia Láctea 375 g,11.06,24.8,32.5,7.0,9.7,358.0,quesitos dia láctea 375 g charcuteria quesitos dia láctea 375 g,0.27962427750869767,99.199999996032,11.25,https://www.dia.es/charcuteria-y-quesos/quesos-untables-y-fundidos/p/264064
Crema de queso semicurado Dia Láctea 125 g,12.38,15.2,37.5,0.1,9.0,419.0,crema de queso semicurado dia láctea 125 g charcuteria crema de queso semicurado dia láctea 125 g,0.18424855497223636,60.799999997568,5.349999999999998,https://www.dia.es/charcuteria-y-quesos/quesos-untables-y-fundidos/p/296013
Queso fresco de Burgos Dia Láctea 4 x 62.5 g,1.15,5.0,13.6,12.7,8.2,74.0,queso fresco de burgos dia láctea 4 x 62.5 g charcuteria queso fresco de burgos dia láctea 4 x 62.5 g,0.9956647398847063,19.9999999992,-6.3,https://www.dia.es/charcuteria-y-quesos/queso-fresco/p/115669
Queso fresco de vaca Dia El Cencerro 250 g,9.04,10.4,0.9,9.8,5.2,352.0,queso fresco de vaca dia el cencerro 250 g charcuteria queso fresco de vaca dia el cencerro 250 g,0.42557803472358546,41.599999998336,5.3500000000000005,https://www.dia.es/charcuteria-y-quesos/queso-fresco/p/115196
Mozzarella fior di latte 100% natural Dia Selección Mundial 125 g,2.31,20.9,21.5,0.1,9.0,306.0,mozzarella fior di latte 100% natural dia selección mundial 125 g charcuteria mozzarella fior di latte 100% natural dia selección mundial 125 g,0.9118497109890282,83.599999996656,19.049999999999997,https://www.dia.es/charcuteria-y-quesos/queso-fresco/p/108698
Queso fresco de cabra Dia El Cencerro 250 g,5.02,11.9,17.9,27.5,0.0,377.0,queso fresco de cabra dia el cencerro 250 g charcuteria queso fresco de cabra dia el cencerro 250 g,0.716040462448263,47.599999998095996,-24.549999999999997,https://www.dia.es/charcuteria-y-quesos/queso-fresco/p/265592
Burrata fresca Dia Selección Mundial 150 g,5.2,7.8,5.4,10.9,7.4,88.0,burrata fresca dia selección mundial 150 g charcuteria burrata fresca dia selección mundial 150 g,0.7030346821023818,31.199999998752,1.5999999999999988,https://www.dia.es/charcuteria-y-quesos/queso-fresco/p/263576
Queso azul Dia Láctea 100 g,5.52,3.9,26.5,7.9,3.5,204.0,queso azul dia láctea 100 g charcuteria queso azul dia láctea 100 g,0.6799132948208155,15.599999999376,-13.75,https://www.dia.es/charcuteria-y-quesos/queso-azul-roquefort-y-cabra/p/306094
Medallones de queso de cabra Dia Láctea 100 g,7.05,20.8,24.7,9.5,5.8,307.0,medallones de queso de cabra dia láctea 100 g charcuteria medallones de queso de cabra dia láctea 100 g,0.5693641618808263,83.199999996672,4.750000000000002,https://www.dia.es/charcuteria-y-quesos/queso-azul-roquefort-y-cabra/p/295596
Queso gorgonzola D.O.P. Dia Selección Mundial 150 g,11.28,19.3,47.9,0.4,3.2,105.0,queso gorgonzola d.o.p. dia selección mundial 150 g charcuteria queso gorgonzola d.o.p. dia selección mundial 150 g,0.2637283237526208,77.199999996912,-1.8499999999999979,https://www.dia.es/charcuteria-y-quesos/quesos-internacionales/p/303266
Queso azul cremoso Dia Selección Mundial 150 g,5.34,18.2,17.7,27.0,1.8,323.0,queso azul cremoso dia selección mundial 150 g charcuteria queso azul cremoso dia selección mundial 150 g,0.6929190751666966,72.799999997088,-15.85,https://www.dia.es/charcuteria-y-quesos/queso-azul-roquefort-y-cabra/p/308881
Queso brie Dia Selección Mundial 200 g,10.74,4.1,7.3,8.6,8.0,364.0,queso brie dia selección mundial 200 g charcuteria queso brie dia selección mundial 200 g,0.302745664790264,16.399999999343997,-0.1499999999999999,https://www.dia.es/charcuteria-y-quesos/quesos-internacionales/p/11877
Queso emmental Dia Selección Mundial 220 g,2.38,13.8,12.7,11.4,1.8,246.0,queso emmental dia selección mundial 220 g charcuteria queso emmental dia selección mundial 220 g,0.9067919075211855,55.199999997792006,-2.1499999999999986,https://www.dia.es/charcuteria-y-quesos/quesos-internacionales/p/282301
Queso gouda madurado Dia Selección Mundial 160 g,3.44,14.4,8.4,14.5,3.7,424.0,queso gouda madurado dia selección mundial 160 g charcuteria queso gouda madurado dia selección mundial 160 g,0.8302023121509969,57.599999997696,-0.5999999999999988,https://www.dia.es/charcuteria-y-quesos/quesos-internacionales/p/309063
Queso edam Dia Selección Mundial 240 g,11.0,12.6,6.6,10.2,5.1,237.0,queso edam dia selección mundial 240 g charcuteria queso edam dia selección mundial 240 g,0.2839595376239914,50.399999997984004,4.2,https://www.dia.es/charcuteria-y-quesos/quesos-internacionales/p/263217
Queso quark con fresa alto en proteínas Dia Láctea 200 g,9.54,12.1,8.2,3.0,9.0,154.0,queso quark con fresa alto en proteínas dia láctea 200 g charcuteria queso quark con fresa alto en proteínas dia láctea 200 g,0.38945086709613796,48.399999998064,14.000000000000002,https://www.dia.es/charcuteria-y-quesos/quesos-altos-en-proteinas/p/308665
Queso cottage Philadelphia 175 g,5.81,19.6,0.6,1.2,8.9,244.0,queso cottage philadelphia 175 g charcuteria queso cottage philadelphia 175 g,0.658959537596896,78.399999996864,27.0,https://www.dia.es/charcuteria-y-quesos/quesos-altos-en-proteinas/p/310747
Queso fresco batido rico en proteínas Granja Rinya 400 g,8.39,9.9,21.3,11.3,6.2,412.0,queso fresco batido rico en proteínas granja rinya 400 g charcuteria queso fresco batido rico en proteínas granja rinya 400 g,0.47254335263926706,39.599999998416,-5.85,https://www.dia.es/charcuteria-y-quesos/quesos-altos-en-proteinas/p/274204
Queso quark con melocotón y maracuyá alto en proteínas Dia Láctea 200 g,2.97,20.3,4.4,22.8,7.5,471.0,queso quark con melocotón y maracuyá alto en proteínas dia láctea 200 g charcuteria queso quark con melocotón y maracuyá alto en proteínas dia láctea 200 g,0.8641618497207976,81.199999996752,2.8,https://www.dia.es/charcuteria-y-quesos/quesos-altos-en-proteinas/p/297313
Pan de molde formato familiar El molino de Dia 820 g,1.38,3.9,53.7,14.5,6.4,156.0,pan de molde formato familiar el molino de dia 820 g panaderia pan de molde formato familiar el molino de dia 820 g,0.9790462427760804,15.599999999376,-31.05,https://www.dia.es/panaderia/pan-de-molde-y-especiales/p/77955
Pan de molde blanco sin corteza El molino de Dia 450 g,5.97,22.9,6.1,24.8,2.7,280.0,pan de molde blanco sin corteza el molino de dia 450 g panaderia pan de molde blanco sin corteza el molino de dia 450 g,0.6473988439561128,91.599999996336,-2.2500000000000027,https://www.dia.es/panaderia/pan-de-molde-y-especiales/p/48666
Panecillos 8 unidades El molino de Dia 360 g,5.85,6.7,32.8,13.3,5.8,124.0,panecillos 8 unidades el molino de dia 360 g panaderia panecillos 8 unidades el molino de dia 360 g,0.6560693641867001,26.799999998927998,-17.2,https://www.dia.es/panaderia/pan-de-molde-y-especiales/p/309605
Pan de molde natural especial tostadas El molino de Dia 460 g,14.86,1.9,0.4,21.0,1.2,404.0,pan de molde natural especial tostadas el molino de dia 460 g panaderia pan de molde natural especial tostadas el molino de dia 460 g,0.0050578035400969945,7.599999999696,-18.099999999999998,https://www.dia.es/panaderia/pan-de-molde-y-especiales/p/309237
Pan de molde trigo integral El molino de Dia 820 g,7.83,18.4,13.6,29.8,7.9,190.0,pan de molde trigo integral el molino de dia 820 g panaderia pan de molde trigo integral el molino de dia 820 g,0.5130057803820083,73.599999997056,-10.300000000000004,https://www.dia.es/panaderia/pan-de-molde-y-especiales/p/266075
Hogaza de centeno y avena El molino de Dia 500 g,7.12,12.4,40.1,17.5,1.0,169.0,hogaza de centeno y avena el molino de dia 500 g panaderia hogaza de centeno y avena el molino de dia 500 g,0.5643063584129836,49.599999998016,-24.15,https://www.dia.es/panaderia/pan-de-molde-y-especiales/p/210479
Pan de molde trigo integral sin corteza El molino de Dia 450 g,8.1,11.2,11.3,26.0,9.3,154.0,pan de molde trigo integral sin corteza el molino de dia 450 g panaderia pan de molde trigo integral sin corteza el molino de dia 450 g,0.4934971098631866,44.799999998207994,-11.15,https://www.dia.es/panaderia/pan-de-molde-y-especiales/p/74397
Brioche en rebanadas Dia Selección Mundial 500 g,12.28,20.3,55.9,26.3,6.3,429.0,brioche en rebanadas dia selección mundial 500 g panaderia brioche en rebanadas dia selección mundial 500 g,0.1914739884977259,81.199999996752,-27.65,https://www.dia.es/panaderia/pan-de-molde-y-especiales/p/297058
Hogaza con pipas de calabaza El molino de Dia 500 g,5.25,21.2,1.5,12.8,6.8,195.0,hogaza con pipas de calabaza el molino de dia 500 g panaderia hogaza con pipas de calabaza el molino de dia 500 g,0.6994219653396372,84.799999996608,14.45,https://www.dia.es/panaderia/pan-de-molde-y-especiales/p/210477
Pan de molde alto en proteínas El molino de Dia 400 g,7.0,2.2,7.3,0.1,6.1,85.0,pan de molde alto en proteínas el molino de dia 400 g panaderia pan de molde alto en proteínas el molino de dia 400 g,0.5729768786435709,8.799999999648001,4.550000000000001,https://www.dia.es/panaderia/pan-de-molde-y-especiales/p/297061
Pan de molde con masa madre The rustik bakery 400 g,1.56,23.5,10.9,14.3,8.1,179.0,pan de molde con masa madre the rustik bakery 400 g panaderia pan de molde con masa madre the rustik bakery 400 g,0.9660404624301994,93.99999999624,11.850000000000001,https://www.dia.es/panaderia/pan-de-molde-y-especiales/p/230230
Chapata de cristal 2 unidades Cristallino 190 g,13.96,15.1,25.2,1.3,0.3,352.0,chapata de cristal 2 unidades cristallino 190 g panaderia chapata de cristal 2 unidades cristallino 190 g,0.07008670526950234,60.399999997584,1.5,https://www.dia.es/panaderia/pan-de-molde-y-especiales/p/277674
Pan para torrijas 500 g,5.31,23.7,12.4,15.1,8.4,178.0,pan para torrijas 500 g panaderia pan para torrijas 500 g,0.6950867052243435,94.799999996208,10.8,https://www.dia.es/panaderia/pan-de-molde-y-especiales/p/263281
Pan de sandwich con cereales y semillas El molino de Dia 310 g,1.58,16.4,54.4,19.5,2.3,73.0,pan de sandwich con cereales y semillas el molino de dia 310 g panaderia pan de sandwich con cereales y semillas el molino de dia 310 g,0.9645953757251015,65.59999999737599,-28.0,https://www.dia.es/panaderia/pan-de-molde-y-especiales/p/220180
Barra de pan para torrijas 300 g,11.04,3.2,0.6,3.4,2.5,381.0,barra de pan para torrijas 300 g panaderia barra de pan para torrijas 300 g,0.2810693642137956,12.799999999488001,2.0000000000000004,https://www.dia.es/panaderia/pan-de-molde-y-especiales/p/263284
Mollete de Antequera El molino de Dia 280 g,3.4,18.1,45.1,8.0,3.0,490.0,mollete de antequera el molino de dia 280 g panaderia mollete de antequera el molino de dia 280 g,0.8330924855611928,72.399999997104,-9.45,https://www.dia.es/panaderia/pan-de-molde-y-especiales/p/299000
Pan de molde artesano Bimbo 500 g,10.73,13.8,39.5,25.9,1.4,90.0,pan de molde artesano bimbo 500 g panaderia pan de molde artesano bimbo 500 g,0.30346820814281295,55.199999997792006,-30.449999999999996,https://www.dia.es/panaderia/pan-de-molde-y-especiales/p/230240
Pan de molde formato familiar Bimbo 640 g,10.67,19.9,36.6,16.7,0.6,114.0,pan de molde formato familiar bimbo 640 g panaderia pan de molde formato familiar bimbo 640 g,0.30780346825810667,79.599999996816,-14.5,https://www.dia.es/panaderia/pan-de-molde-y-especiales/p/29778
Pan molde 12 cereales y semillas Oroweat 550 g,6.61,13.9,24.3,29.2,9.2,294.0,pan molde 12 cereales y semillas oroweat 550 g panaderia pan molde 12 cereales y semillas oroweat 550 g,0.60115606939298,55.59999999777601,-18.25,https://www.dia.es/panaderia/pan-de-molde-y-especiales/p/174067
Pan de molde blanco sin gluten Bimbo 375 g,1.91,12.7,46.6,6.2,0.1,415.0,pan de molde blanco sin gluten bimbo 375 g panaderia pan de molde blanco sin gluten bimbo 375 g,0.9407514450909862,50.799999997967994,-16.700000000000003,https://www.dia.es/panaderia/pan-de-molde-y-especiales/p/310278
Pan de molde sin gluten Dr. Schar 300 g,10.68,11.6,25.9,0.3,5.2,92.0,pan de molde sin gluten dr. schar 300 g panaderia pan de molde sin gluten dr. schar 300 g,0.3070809249055577,46.399999998144,3.5500000000000007,https://www.dia.es/panaderia/pan-de-molde-y-especiales/p/178617
Pan de molde con semillas sin gluten El molino de Dia 280 g,6.92,18.9,59.4,1.4,9.1,328.0,pan de molde con semillas sin gluten el molino de dia 280 g panaderia pan de molde con semillas sin gluten el molino de dia 280 g,0.5787572254639626,75.599999996976,-3.099999999999998,https://www.dia.es/panaderia/pan-de-molde-y-especiales/p/299085
Pan de molde sin gluten El molino de Dia 280 g,4.97,20.6,47.6,27.7,2.0,255.0,pan de molde sin gluten el molino de dia 280 g panaderia pan de molde sin gluten el molino de dia 280 g,0.7196531792110077,82.39999999670401,-28.9,https://www.dia.es/panaderia/pan-de-molde-y-especiales/p/299090
Huevos medianos M Dia 24 unidades,13.35,15.3,16.8,2.5,6.7,127.0,huevos medianos m dia 24 unidades lacteos huevos medianos m dia 24 unidades,0.11416184977498833,61.199999997552,11.1,https://www.dia.es/huevos-leche-y-mantequilla/huevos/p/274009
Huevos grandes L de gallinas criadas en suelo Dia 12 unidades,1.28,19.7,48.5,17.8,7.0,459.0,huevos grandes l de gallinas criadas en suelo dia 12 unidades lacteos huevos grandes l de gallinas criadas en suelo dia 12 unidades,0.98627167630157,78.79999999684799,-15.350000000000001,https://www.dia.es/huevos-leche-y-mantequilla/huevos/p/306230
Huevos medianos M de gallinas criadas en suelo Dia 12 unidades,4.97,9.7,44.0,24.0,3.2,56.0,huevos medianos m de gallinas criadas en suelo dia 12 unidades lacteos huevos medianos m de gallinas criadas en suelo dia 12 unidades,0.7196531792110077,38.799999998448,-33.1,https://www.dia.es/huevos-leche-y-mantequilla/huevos/p/274010
Huevos camperos medianos/grandes M/L Dia 10 unidades,5.45,12.3,48.2,18.8,8.5,202.0,huevos camperos medianos/grandes m/l dia 10 unidades lacteos huevos camperos medianos/grandes m/l dia 10 unidades,0.6849710982886581,49.199999998032,-22.1,https://www.dia.es/huevos-leche-y-mantequilla/huevos/p/274540
Huevos ecológicos grandes/medianos M/L Dia 6 unidades,6.28,7.8,11.0,4.6,6.6,59.0,huevos ecológicos grandes/medianos m/l dia 6 unidades lacteos huevos ecológicos grandes/medianos m/l dia 6 unidades,0.6250000000270953,31.199999998752,4.299999999999999,https://www.dia.es/huevos-leche-y-mantequilla/huevos/p/274541
Leche semidesnatada Dia Láctea pack 6 x 1 L,8.01,18.3,57.7,20.2,1.8,220.0,leche semidesnatada dia láctea pack 6 x 1 l lacteos leche semidesnatada dia láctea pack 6 x 1 l,0.5000000000361271,73.19999999707201,-28.95,https://www.dia.es/huevos-leche-y-mantequilla/leche/p/504P6
Leche entera Dia Láctea pack 6 x 1 L,13.43,21.5,29.7,2.9,1.9,118.0,leche entera dia láctea pack 6 x 1 l lacteos leche entera dia láctea pack 6 x 1 l,0.1083815029545967,85.99999999655999,5.65,https://www.dia.es/huevos-leche-y-mantequilla/leche/p/608P6
Leche desnatada Dia Láctea pack 6 x 1 L,9.29,5.5,14.3,4.6,1.4,289.0,leche desnatada dia láctea pack 6 x 1 l lacteos leche desnatada dia láctea pack 6 x 1 l,0.4075144509098617,21.99999999912,-4.85,https://www.dia.es/huevos-leche-y-mantequilla/leche/p/607P6
Leche semidesnatada Dia Láctea 1 L,6.95,4.1,37.7,0.0,5.7,236.0,leche semidesnatada dia láctea 1 l lacteos leche semidesnatada dia láctea 1 l,0.5765895954063158,16.399999999343997,-9.05,https://www.dia.es/huevos-leche-y-mantequilla/leche/p/504
Leche fresca entera Dia Láctea botella 1 L,10.75,21.8,4.8,22.4,6.4,327.0,leche fresca entera dia láctea botella 1 l lacteos leche fresca entera dia láctea botella 1 l,0.30202312143771504,87.199999996512,3.4000000000000044,https://www.dia.es/huevos-leche-y-mantequilla/leche/p/271329
Leche semidesnatada sin lactosa Dia Láctea pack 6 x 1 L,10.09,13.8,46.8,15.4,6.6,60.0,leche semidesnatada sin lactosa dia láctea pack 6 x 1 l lacteos leche semidesnatada sin lactosa dia láctea pack 6 x 1 l,0.3497109827059457,55.199999997792006,-18.4,https://www.dia.es/huevos-leche-y-mantequilla/leche-sin-lactosa-y-enriquecidas/p/130063P6
Leche desnatada sin lactosa Dia Láctea pack 6 x 1 L,10.98,24.2,11.3,16.4,3.0,404.0,leche desnatada sin lactosa dia láctea pack 6 x 1 l lacteos leche desnatada sin lactosa dia láctea pack 6 x 1 l,0.2854046243290892,96.799999996128,5.15,https://www.dia.es/huevos-leche-y-mantequilla/leche-sin-lactosa-y-enriquecidas/p/185450P6
Leche semidesnatada sin lactosa Dia Láctea 1 L,12.33,22.3,50.9,7.4,1.3,281.0,leche semidesnatada sin lactosa dia láctea 1 l lacteos leche semidesnatada sin lactosa dia láctea 1 l,0.18786127173498113,89.199999996432,-9.249999999999996,https://www.dia.es/huevos-leche-y-mantequilla/leche-sin-lactosa-y-enriquecidas/p/130063
Leche desnatada sin lactosa alta en proteínas Dia Láctea 1 L,3.37,23.5,27.1,20.1,9.5,222.0,leche desnatada sin lactosa alta en proteínas dia láctea 1 l lacteos leche desnatada sin lactosa alta en proteínas dia láctea 1 l,0.8352601156188395,93.99999999624,-0.6500000000000021,https://www.dia.es/huevos-leche-y-mantequilla/leche-sin-lactosa-y-enriquecidas/p/308772
Leche desnatada sin lactosa Dia Láctea 1 L,11.58,5.8,7.0,14.2,3.3,163.0,leche desnatada sin lactosa dia láctea 1 l lacteos leche desnatada sin lactosa dia láctea 1 l,0.24205202317615226,23.199999999072,-8.6,https://www.dia.es/huevos-leche-y-mantequilla/leche-sin-lactosa-y-enriquecidas/p/185450
Bebida de avena 0% azúcares Dia Vegedia 1 L,12.99,7.6,10.6,15.3,4.1,304.0,bebida de avena 0% azúcares dia vegedia 1 l lacteos bebida de avena 0% azúcares dia vegedia 1 l,0.14017341046675047,30.399999998784,-8.900000000000002,https://www.dia.es/huevos-leche-y-mantequilla/bebidas-vegetales/p/293332
Bebida de almendras 0% azúcares Dia Vegedia 1 L,2.92,19.8,51.2,6.2,7.1,132.0,bebida de almendras 0% azúcares dia vegedia 1 l lacteos bebida de almendras 0% azúcares dia vegedia 1 l,0.8677745664835423,79.199999996832,-4.900000000000002,https://www.dia.es/huevos-leche-y-mantequilla/bebidas-vegetales/p/267684
Bebida de soja 0% azúcares Dia Vegedia 1 L,14.74,3.7,29.0,18.0,2.8,488.0,bebida de soja 0% azúcares dia vegedia 1 l lacteos bebida de soja 0% azúcares dia vegedia 1 l,0.013728323770684336,14.799999999408001,-26.0,https://www.dia.es/huevos-leche-y-mantequilla/bebidas-vegetales/p/294323
Bebida de avena y mango Dia Vegedia 1 L,8.35,22.2,3.7,25.5,5.7,205.0,bebida de avena y mango dia vegedia 1 l lacteos bebida de avena y mango dia vegedia 1 l,0.4754335260494629,88.799999996448,0.5499999999999985,https://www.dia.es/huevos-leche-y-mantequilla/bebidas-vegetales/p/308443
Bebida de avena Dia Vegedia 1 L,14.83,1.1,25.3,17.2,7.3,85.0,bebida de avena dia vegedia 1 l lacteos bebida de avena dia vegedia 1 l,0.007225433597743858,4.399999999824001,-21.45,https://www.dia.es/huevos-leche-y-mantequilla/bebidas-vegetales/p/267682
Leche infantil crecimiento Peques 3 Puleva 1 L,2.92,24.8,25.1,0.5,0.6,81.0,leche infantil crecimiento peques 3 puleva 1 l lacteos leche infantil crecimiento peques 3 puleva 1 l,0.8677745664835423,99.199999996032,12.350000000000001,https://www.dia.es/bebe/leche-para-bebes/p/78262
Leche infantil en polvo de continuacion de 6 a 12 meses Nativa 800 g,2.12,19.8,11.6,24.9,5.8,465.0,leche infantil en polvo de continuacion de 6 a 12 meses nativa 800 g lacteos leche infantil en polvo de continuacion de 6 a 12 meses nativa 800 g,0.9255780346874583,79.199999996832,-5.099999999999997,https://www.dia.es/bebe/leche-para-bebes/p/108337
Leche infantil crecimiento con cereales Peques 3 Puleva 1 L,11.81,10.3,21.8,3.6,7.6,328.0,leche infantil crecimiento con cereales peques 3 puleva 1 l lacteos leche infantil crecimiento con cereales peques 3 puleva 1 l,0.22543352606752642,41.199999998352006,3.3999999999999986,https://www.dia.es/bebe/leche-para-bebes/p/105590
Bebida láctea crecimiento y desarrollo Puleva 1 L,8.3,15.9,24.1,2.9,2.3,228.0,bebida láctea crecimiento y desarrollo puleva 1 l lacteos bebida láctea crecimiento y desarrollo puleva 1 l,0.47904624281220753,63.599999997456,3.2499999999999982,https://www.dia.es/bebe/leche-para-bebes/p/63050
Bebida láctea con cereales crecimiento y desarrollo Puleva 1 L,6.58,6.8,26.0,3.0,3.7,67.0,bebida láctea con cereales crecimiento y desarrollo puleva 1 l lacteos bebida láctea con cereales crecimiento y desarrollo puleva 1 l,0.6033236994506268,27.199999998912,-5.5,https://www.dia.es/bebe/leche-para-bebes/p/129519
Batido de cacao 90% leche Dia Láctea 6 x 200 ml,1.25,16.9,46.4,3.4,6.5,268.0,batido de cacao 90% leche dia láctea 6 x 200 ml lacteos batido de cacao 90% leche dia láctea 6 x 200 ml,0.9884393063592168,67.599999997296,-3.1999999999999993,https://www.dia.es/huevos-leche-y-mantequilla/batidos-cafes-frios-y-horchatas/p/115833
Batido de chocolate Dia Láctea 6 x 200 ml,7.34,25.0,43.1,25.2,0.4,297.0,batido de chocolate dia láctea 6 x 200 ml lacteos batido de chocolate dia láctea 6 x 200 ml,0.5484104046569067,99.999999996,-21.35,https://www.dia.es/huevos-leche-y-mantequilla/batidos-cafes-frios-y-horchatas/p/296458
Batido de fresa Dia Láctea 6 x 200 ml,1.76,14.9,9.5,3.2,8.2,378.0,batido de fresa dia láctea 6 x 200 ml lacteos batido de fresa dia láctea 6 x 200 ml,0.9515895953792204,59.599999997616,15.150000000000002,https://www.dia.es/huevos-leche-y-mantequilla/batidos-cafes-frios-y-horchatas/p/134753
Café latte macchiato Dia Arom'arte 250 ml,12.14,5.9,12.2,21.3,4.5,386.0,café latte macchiato dia arom'arte 250 ml lacteos café latte macchiato dia arom'arte 250 ml,0.20158959543341115,23.599999999056003,-17.0,https://www.dia.es/cafe-cacao-e-infusiones/cafes-frios/p/308136
Batido de vainilla Dia Láctea 6 x 200 ml,12.0,1.9,9.0,30.0,3.5,85.0,batido de vainilla dia láctea 6 x 200 ml lacteos batido de vainilla dia láctea 6 x 200 ml,0.2117052023690964,7.599999999696,-29.1,https://www.dia.es/huevos-leche-y-mantequilla/batidos-cafes-frios-y-horchatas/p/134754
Leche condensada Dia Láctea 450 g,14.93,6.8,40.3,18.3,6.4,274.0,leche condensada dia láctea 450 g lacteos leche condensada dia láctea 450 g,7.225431364332735e-11,27.199999998912,-25.25,https://www.dia.es/huevos-leche-y-mantequilla/leche-condensada-y-evaporada/p/57797
Leche condensada Dia Láctea 1 Kg,5.65,12.2,1.0,16.3,9.5,440.0,leche condensada dia láctea 1 kg lacteos leche condensada dia láctea 1 kg,0.6705202312376791,48.799999998048,4.899999999999999,https://www.dia.es/huevos-leche-y-mantequilla/leche-condensada-y-evaporada/p/6006
Leche evaporada Dia Láctea 3 x 200 ml,1.49,1.1,52.9,14.8,3.4,133.0,leche evaporada dia láctea 3 x 200 ml lacteos leche evaporada dia láctea 3 x 200 ml,0.971098265898042,4.399999999824001,-36.75,https://www.dia.es/huevos-leche-y-mantequilla/leche-condensada-y-evaporada/p/308130
Leche condensada La lechera 370 g,8.27,19.4,34.3,11.2,5.8,105.0,leche condensada la lechera 370 g lacteos leche condensada la lechera 370 g,0.4812138728698545,77.599999996896,-3.1499999999999986,https://www.dia.es/huevos-leche-y-mantequilla/leche-condensada-y-evaporada/p/613
Leche condensada La lechera 450 g,2.78,14.6,7.4,17.9,7.3,481.0,leche condensada la lechera 450 g lacteos leche condensada la lechera 450 g,0.8778901734192276,58.399999997664,0.2999999999999998,https://www.dia.es/huevos-leche-y-mantequilla/leche-condensada-y-evaporada/p/41309
Mantequilla sin sal Dia Láctea 250 g,13.67,15.6,19.8,14.1,5.7,381.0,mantequilla sin sal dia láctea 250 g lacteos mantequilla sin sal dia láctea 250 g,0.0910404624934219,62.399999997504,-2.6999999999999993,https://www.dia.es/huevos-leche-y-mantequilla/mantequilla-y-margarina/p/268201
Mantequilla con sal Dia Láctea 250 g,11.25,20.0,56.1,27.0,9.0,349.0,mantequilla con sal dia láctea 250 g lacteos mantequilla con sal dia láctea 250 g,0.26589595381026765,79.9999999968,-26.05,https://www.dia.es/huevos-leche-y-mantequilla/mantequilla-y-margarina/p/268200
Margarina vitaminada con sal Diasol 500 g,10.4,4.7,28.5,10.5,8.1,274.0,margarina vitaminada con sal diasol 500 g lacteos margarina vitaminada con sal diasol 500 g,0.32731213877692833,18.799999999248,-11.95,https://www.dia.es/huevos-leche-y-mantequilla/mantequilla-y-margarina/p/55576
Margarina ligera Diasol 500 g,9.9,9.6,4.7,3.4,1.3,252.0,margarina ligera diasol 500 g lacteos margarina ligera diasol 500 g,0.3634393064043757,38.399999998464,5.15,https://www.dia.es/huevos-leche-y-mantequilla/mantequilla-y-margarina/p/55574
Margarina con sal Tulipán 400 g,6.78,23.3,13.0,12.6,1.0,237.0,margarina con sal tulipán 400 g lacteos margarina con sal tulipán 400 g,0.5888728323996479,93.199999996272,5.200000000000001,https://www.dia.es/huevos-leche-y-mantequilla/mantequilla-y-margarina/p/275563
Nata para cocinar Dia Láctea 3 x 200 ml,6.17,10.5,45.1,25.6,2.9,175.0,nata para cocinar dia láctea 3 x 200 ml lacteos nata para cocinar dia láctea 3 x 200 ml,0.6329479769051338,41.99999999832,-34.75,https://www.dia.es/huevos-leche-y-mantequilla/nata/p/145042
Nata para cocinar textura espesa Dia Láctea 500 ml,4.78,21.2,27.6,21.3,5.5,439.0,nata para cocinar textura espesa dia láctea 500 ml lacteos nata para cocinar textura espesa dia láctea 500 ml,0.7333815029094377,84.799999996608,-8.400000000000002,https://www.dia.es/huevos-leche-y-mantequilla/nata/p/294393
Nata para montar Dia Láctea 3 x 200 ml,3.23,11.2,16.6,0.6,5.5,493.0,nata para montar dia láctea 3 x 200 ml lacteos nata para montar dia láctea 3 x 200 ml,0.8453757225545249,44.799999998207994,7.799999999999997,https://www.dia.es/huevos-leche-y-mantequilla/nata/p/145041
Nata montada Dia Láctea 250 g,12.41,24.7,36.3,13.1,6.0,351.0,nata montada dia láctea 250 g lacteos nata montada dia láctea 250 g,0.1820809249145895,98.79999999604799,-0.5499999999999972,https://www.dia.es/huevos-leche-y-mantequilla/nata/p/63568
Nata montada congelada Somosierra 240 g,12.54,11.5,12.6,1.3,1.0,300.0,nata montada congelada somosierra 240 g lacteos nata montada congelada somosierra 240 g,0.1726878613314532,45.99999999816,4.8999999999999995,https://www.dia.es/congelados/helados-y-hielo/p/14439
Espaguetis carbonara 350 g,1.09,11.9,1.1,0.1,6.8,275.0,espaguetis carbonara 350 g platos_preparados espaguetis carbonara 350 g,1.0,47.599999998095996,18.049999999999997,https://www.dia.es/platos-preparados-y-pizzas/listos-para-comer/p/308573
Arroz con secreto ibérico y setas 350 g,9.92,17.2,42.6,9.4,4.0,317.0,arroz con secreto ibérico y setas 350 g platos_preparados arroz con secreto ibérico y setas 350 g,0.3619942196992779,68.799999997248,-9.500000000000002,https://www.dia.es/platos-preparados-y-pizzas/listos-para-comer/p/308575
Libritos de jamón y queso con patatas fritas 250 g,2.95,2.2,23.7,25.2,3.4,482.0,libritos de jamón y queso con patatas fritas 250 g platos_preparados libritos de jamón y queso con patatas fritas 250 g,0.8656069364258955,8.799999999648001,-31.450000000000003,https://www.dia.es/platos-preparados-y-pizzas/listos-para-comer/p/308577
Ensaladilla rusa 350 g,10.98,19.9,50.6,23.0,4.1,438.0,ensaladilla rusa 350 g platos_preparados ensaladilla rusa 350 g,0.2854046243290892,79.599999996816,-24.3,https://www.dia.es/platos-preparados-y-pizzas/listos-para-comer/p/310997
Macarrones boloñesa 350 g,12.62,20.2,7.2,26.4,4.4,125.0,macarrones boloñesa 350 g platos_preparados macarrones boloñesa 350 g,0.16690751451106167,80.79999999676801,-5.399999999999997,https://www.dia.es/platos-preparados-y-pizzas/listos-para-comer/p/308574
Tortilla de patata ESTILO TRADICIONAL con cebolla 1.3 Kg,2.9,19.4,16.4,6.2,9.5,289.0,tortilla de patata estilo tradicional con cebolla 1.3 kg platos_preparados tortilla de patata estilo tradicional con cebolla 1.3 kg,0.8692196531886403,77.599999996896,14.5,https://www.dia.es/platos-preparados-y-pizzas/listos-para-comer/p/308777
Tortilla de patatas con cebolla Dia Al Punto 600 g,3.23,15.4,41.4,9.0,5.8,444.0,tortilla de patatas con cebolla dia al punto 600 g platos_preparados tortilla de patatas con cebolla dia al punto 600 g,0.8453757225545249,61.599999997536,-8.5,https://www.dia.es/platos-preparados-y-pizzas/tortillas-y-empanadas/p/262522
Empanada de atún El molino de Dia 500 g,13.18,6.4,40.2,5.6,7.1,461.0,empanada de atún el molino de dia 500 g platos_preparados empanada de atún el molino de dia 500 g,0.12644508676832045,25.599999998976003,-12.200000000000001,https://www.dia.es/platos-preparados-y-pizzas/tortillas-y-empanadas/p/307540
Empanada de pollo cremoso El molino de Dia 500 g,6.85,15.8,30.3,9.9,9.8,423.0,empanada de pollo cremoso el molino de dia 500 g platos_preparados empanada de pollo cremoso el molino de dia 500 g,0.5838150289318054,63.199999997472,0.5500000000000007,https://www.dia.es/platos-preparados-y-pizzas/tortillas-y-empanadas/p/307539
Tortilla de patata estilo casero 41% huevo Dia Al Punto 600 g,13.53,16.7,31.8,13.8,8.8,50.0,tortilla de patata estilo casero 41% huevo dia al punto 600 g platos_preparados tortilla de patata estilo casero 41% huevo dia al punto 600 g,0.10115606942910726,66.799999997328,-4.200000000000001,https://www.dia.es/platos-preparados-y-pizzas/tortillas-y-empanadas/p/299100
Pizza jamón y queso Dia Al Punto 400 g,14.57,21.0,16.9,6.8,3.0,57.0,pizza jamón y queso dia al punto 400 g platos_preparados pizza jamón y queso dia al punto 400 g,0.02601156076401645,83.99999999664,8.75,https://www.dia.es/platos-preparados-y-pizzas/pizzas-refrigeradas/p/30479
Pizza 4 quesos Dia Al Punto 390 g,12.23,14.7,19.8,13.1,5.8,305.0,pizza 4 quesos dia al punto 390 g platos_preparados pizza 4 quesos dia al punto 390 g,0.19508670526047056,58.799999997648,-2.5,https://www.dia.es/platos-preparados-y-pizzas/pizzas-refrigeradas/p/56444
Pizza barbacoa Dia Al Punto 425 g,3.68,15.9,57.4,18.9,1.4,85.0,pizza barbacoa dia al punto 425 g platos_preparados pizza barbacoa dia al punto 425 g,0.8128612716898221,63.599999997456,-30.299999999999997,https://www.dia.es/platos-preparados-y-pizzas/pizzas-refrigeradas/p/263619
Pizza carbonara Dia Al Punto 400 g,10.17,18.8,23.1,5.3,0.4,324.0,pizza carbonara dia al punto 400 g platos_preparados pizza carbonara dia al punto 400 g,0.34393063588555417,75.199999996992,2.349999999999998,https://www.dia.es/platos-preparados-y-pizzas/pizzas-refrigeradas/p/119533
Pizza atún y bacon Dia Al Punto 400 g,4.43,1.7,40.6,10.0,9.7,69.0,pizza atún y bacon dia al punto 400 g platos_preparados pizza atún y bacon dia al punto 400 g,0.758670520248651,6.799999999728,-18.900000000000002,https://www.dia.es/platos-preparados-y-pizzas/pizzas-refrigeradas/p/30480
Pizza barbacoa Dia Al Punto 350 g,5.88,13.1,23.6,22.0,0.3,495.0,pizza barbacoa dia al punto 350 g platos_preparados pizza barbacoa dia al punto 350 g,0.6539017341290534,52.399999997904004,-20.4,https://www.dia.es/congelados/pizzas-y-masas/p/250252
Baguette de jamón y queso 2 unidades Dia Al Punto 250 g,11.17,17.8,36.4,11.5,2.7,203.0,baguette de jamón y queso 2 unidades dia al punto 250 g platos_preparados baguette de jamón y queso 2 unidades dia al punto 250 g,0.2716763006306592,71.199999997152,-9.2,https://www.dia.es/congelados/pizzas-y-masas/p/16536
Bases de pizza 3 unidades Dia Al Punto 420 g,10.02,22.1,45.0,4.8,6.1,358.0,bases de pizza 3 unidades dia al punto 420 g platos_preparados bases de pizza 3 unidades dia al punto 420 g,0.3547687861737884,88.399999996464,0.9000000000000021,https://www.dia.es/congelados/pizzas-y-masas/p/203958
Pizza Stranger Things royale California 446 g,4.07,1.9,53.9,26.5,1.2,164.0,pizza stranger things royale california 446 g platos_preparados pizza stranger things royale california 446 g,0.7846820809404131,7.599999999696,-50.349999999999994,https://www.dia.es/congelados/pizzas-y-masas/p/308609
Pizza crispy bacon Dia Al Punto 450 g,6.89,23.9,52.9,6.6,7.0,318.0,pizza crispy bacon dia al punto 450 g platos_preparados pizza crispy bacon dia al punto 450 g,0.5809248555216096,95.599999996176,-2.150000000000002,https://www.dia.es/congelados/pizzas-y-masas/p/266016
Flautas de pollo y 2 quesos Dia Al Punto 275 g,8.87,6.9,25.9,17.1,5.1,315.0,flautas de pollo y 2 quesos dia al punto 275 g platos_preparados flautas de pollo y 2 quesos dia al punto 275 g,0.4378612717169176,27.599999998896003,-18.05,https://www.dia.es/platos-preparados-y-pizzas/sandwiches-y-hamburguesas/p/296199
Flautas de bacon y 2 quesos Dia Al Punto 275 g,13.43,7.9,19.3,22.9,3.7,61.0,flautas de bacon y 2 quesos dia al punto 275 g platos_preparados flautas de bacon y 2 quesos dia al punto 275 g,0.1083815029545967,31.599999998736,-20.949999999999996,https://www.dia.es/platos-preparados-y-pizzas/sandwiches-y-hamburguesas/p/296200
Sándwich mixto Casa Tarradellas 240 g,5.11,24.6,59.5,19.8,5.3,426.0,sándwich mixto casa tarradellas 240 g platos_preparados sándwich mixto casa tarradellas 240 g,0.7095375722753223,98.399999996064,-19.65,https://www.dia.es/platos-preparados-y-pizzas/sandwiches-y-hamburguesas/p/74730
Flautas de carne barbacoa con bacon Dia Al Punto 275 g,14.71,11.0,34.3,9.4,0.5,407.0,flautas de carne barbacoa con bacon dia al punto 275 g platos_preparados flautas de carne barbacoa con bacon dia al punto 275 g,0.01589595382833109,43.99999999824,-15.049999999999999,https://www.dia.es/platos-preparados-y-pizzas/sandwiches-y-hamburguesas/p/296201
Hamburguesa con bacon Dia Al Punto 220 g,7.44,24.6,19.2,10.4,6.6,114.0,hamburguesa con bacon dia al punto 220 g platos_preparados hamburguesa con bacon dia al punto 220 g,0.5411849711314172,98.399999996064,11.200000000000005,https://www.dia.es/platos-preparados-y-pizzas/sandwiches-y-hamburguesas/p/263607
Fabada asturiana Dia Al Punto 435 g,12.15,11.4,3.0,2.7,4.4,95.0,fabada asturiana dia al punto 435 g platos_preparados fabada asturiana dia al punto 435 g,0.2008670520808622,45.599999998176,11.600000000000001,https://www.dia.es/platos-preparados-y-pizzas/comida-tradicional/p/47840
Lentejas con chorizo Dia Al Punto 430 g,12.67,10.0,13.2,6.4,5.8,160.0,lentejas con chorizo dia al punto 430 g platos_preparados lentejas con chorizo dia al punto 430 g,0.1632947977483168,39.9999999984,2.8000000000000007,https://www.dia.es/platos-preparados-y-pizzas/comida-tradicional/p/27933
Albóndigas Dia Al Punto 415 g,5.89,19.7,17.6,12.2,4.4,432.0,albóndigas dia al punto 415 g platos_preparados albóndigas dia al punto 415 g,0.6531791907765043,78.79999999684799,3.1000000000000014,https://www.dia.es/platos-preparados-y-pizzas/comida-tradicional/p/6630
Crema de espárragos Dia Al Punto 300 g,2.0,10.7,27.1,6.3,3.3,86.0,crema de espárragos dia al punto 300 g platos_preparados crema de espárragos dia al punto 300 g,0.9342485549180456,42.799999998287994,-5.8500000000000005,https://www.dia.es/conservas-caldos-y-cremas/cremas-y-pures/p/309573
Lentejas con verduras Dia Al Punto 430 g,3.21,10.9,42.6,10.2,6.6,291.0,lentejas con verduras dia al punto 430 g platos_preparados lentejas con verduras dia al punto 430 g,0.8468208092596228,43.599999998256,-14.0,https://www.dia.es/platos-preparados-y-pizzas/comida-tradicional/p/155804
Tortillas de trigo Dia Al Punto 320 g,11.42,1.1,35.5,11.6,8.3,470.0,tortillas de trigo dia al punto 320 g platos_preparados tortillas de trigo dia al punto 320 g,0.25361271681693554,4.399999999824001,-19.95,https://www.dia.es/panaderia/tortillas-de-trigo-y-pitas/p/13356
Tortillas de trigo integral Dia Al Punto 320 g,8.38,24.8,23.2,20.7,6.1,87.0,tortillas de trigo integral dia al punto 320 g platos_preparados tortillas de trigo integral dia al punto 320 g,0.473265895991816,99.199999996032,-1.4000000000000004,https://www.dia.es/panaderia/tortillas-de-trigo-y-pitas/p/285410
Chili con carne Old El Paso 418 g,11.18,23.5,31.7,2.9,2.7,91.0,chili con carne old el paso 418 g platos_preparados chili con carne old el paso 418 g,0.27095375727811033,93.99999999624,7.450000000000001,https://www.dia.es/platos-preparados-y-pizzas/comida-mexicana/p/28188
Salsa de queso Old El Paso 320 g,3.69,18.2,39.8,14.1,3.7,268.0,salsa de queso old el paso 320 g platos_preparados salsa de queso old el paso 320 g,0.8121387283372732,72.799999997088,-12.1,https://www.dia.es/aceites-salsas-y-especias/salsas-especiales-y-picantes/p/14107
"Relleno para fajitas con pollo, pimientos y cebolla Dia Al Punto 300 g",6.04,5.3,0.7,17.9,1.2,132.0,"relleno para fajitas con pollo, pimientos y cebolla dia al punto 300 g platos_preparados relleno para fajitas con pollo, pimientos y cebolla dia al punto 300 g",0.6423410404882701,21.199999999152,-11.749999999999998,https://www.dia.es/platos-preparados-y-pizzas/comida-mexicana/p/222880
Gyozas de pollo y verduras al teppanyaki Dia Al Punto 140 g,10.76,12.0,44.8,6.4,2.0,284.0,gyozas de pollo y verduras al teppanyaki dia al punto 140 g platos_preparados gyozas de pollo y verduras al teppanyaki dia al punto 140 g,0.3013005780851662,47.99999999808,-14.799999999999999,https://www.dia.es/platos-preparados-y-pizzas/comida-asiatica/p/266806
Noodles orientales sabor pollo Dia Al Punto 65 g,12.82,20.0,37.0,9.1,2.0,386.0,noodles orientales sabor pollo dia al punto 65 g platos_preparados noodles orientales sabor pollo dia al punto 65 g,0.15245664746008258,79.9999999968,-5.6,https://www.dia.es/arroz-pastas-y-legumbres/noodles/p/218533
Rollitos de primavera Dia Al Punto 280 g,6.19,19.1,44.6,18.9,3.5,248.0,rollitos de primavera dia al punto 280 g platos_preparados rollitos de primavera dia al punto 280 g,0.6315028902000359,76.399999996944,-18.599999999999998,https://www.dia.es/platos-preparados-y-pizzas/comida-asiatica/p/298950
Noodles de arroz Dia Selección Mundial 200 g,13.57,8.8,46.7,25.1,0.5,210.0,noodles de arroz dia selección mundial 200 g platos_preparados noodles de arroz dia selección mundial 200 g,0.09826589601891134,35.199999998592006,-39.150000000000006,https://www.dia.es/arroz-pastas-y-legumbres/noodles/p/258837
Gyozas de langostino al teppanyaki Dia Al Punto 140 g,8.01,9.8,38.8,6.7,2.8,104.0,gyozas de langostino al teppanyaki dia al punto 140 g platos_preparados gyozas de langostino al teppanyaki dia al punto 140 g,0.5000000000361271,39.199999998432,-13.499999999999996,https://www.dia.es/platos-preparados-y-pizzas/comida-asiatica/p/274616
Ensalada César Dia Al Punto 210 g,13.48,9.1,29.1,24.7,4.6,192.0,ensalada césar dia al punto 210 g platos_preparados ensalada césar dia al punto 210 g,0.10476878619185193,36.399999998544,-25.55,https://www.dia.es/verduras/ensaladas-y-verduras-preparadas/p/272834
"Ensalada de pasta, atún y huevo Dia Al Punto 265 g",7.33,14.1,17.1,22.2,4.0,363.0,"ensalada de pasta, atún y huevo dia al punto 265 g platos_preparados ensalada de pasta, atún y huevo dia al punto 265 g",0.5491329480094557,56.399999997744,-12.649999999999999,https://www.dia.es/verduras/ensaladas-y-verduras-preparadas/p/272835
Ensalada griega Freshkia 210 g,13.76,12.5,29.6,8.0,3.3,490.0,ensalada griega freshkia 210 g platos_preparados ensalada griega freshkia 210 g,0.08453757232048142,49.999999998,-7.0,https://www.dia.es/verduras/ensaladas-y-verduras-preparadas/p/308256
Ensalada de la huerta Dia Al Punto 400 g,13.27,23.5,44.8,4.2,4.6,357.0,ensalada de la huerta dia al punto 400 g platos_preparados ensalada de la huerta dia al punto 400 g,0.11994219659537997,93.99999999624,1.5000000000000036,https://www.dia.es/verduras/ensaladas-y-verduras-preparadas/p/165759
Ensalada de pasta y rúcula Florette 325 g,11.71,11.3,58.9,23.0,7.5,372.0,ensalada de pasta y rúcula florette 325 g platos_preparados ensalada de pasta y rúcula florette 325 g,0.23265895959301586,45.199999998192006,-33.65,https://www.dia.es/verduras/ensaladas-y-verduras-preparadas/p/198528
Gazpacho Dia Al Punto 1 L,11.29,5.6,55.5,17.1,6.1,490.0,gazpacho dia al punto 1 l platos_preparados gazpacho dia al punto 1 l,0.26300578040007183,22.399999999103997,-33.150000000000006,https://www.dia.es/platos-preparados-y-pizzas/gazpachos-y-salmorejos/p/43231
Gazpacho Dia Al Punto 3 x 330 ml,12.81,5.3,11.1,28.4,6.1,313.0,gazpacho dia al punto 3 x 330 ml platos_preparados gazpacho dia al punto 3 x 330 ml,0.15317919081263154,21.199999999152,-22.55,https://www.dia.es/platos-preparados-y-pizzas/gazpachos-y-salmorejos/p/82955
Salmorejo Dia Al Punto 1 L,3.63,14.1,56.5,24.3,5.3,303.0,salmorejo dia al punto 1 l platos_preparados salmorejo dia al punto 1 l,0.8164739884525669,56.399999997744,-33.150000000000006,https://www.dia.es/platos-preparados-y-pizzas/gazpachos-y-salmorejos/p/231863
Salmorejo fresco con aceite de oliva García Millán 330 ml,13.33,5.3,51.7,6.2,5.2,179.0,salmorejo fresco con aceite de oliva garcía millán 330 ml platos_preparados salmorejo fresco con aceite de oliva garcía millán 330 ml,0.11560693648008613,21.199999999152,-21.55,https://www.dia.es/platos-preparados-y-pizzas/gazpachos-y-salmorejos/p/263693
Gazpacho suave Dia Al Punto 1 L,10.62,19.4,7.4,26.5,8.2,157.0,gazpacho suave dia al punto 1 l platos_preparados gazpacho suave dia al punto 1 l,0.31141618502085144,77.599999996896,-2.6000000000000023,https://www.dia.es/platos-preparados-y-pizzas/gazpachos-y-salmorejos/p/246136
Hummus clásico Dia Al Punto 220 g,12.19,18.9,59.1,1.4,2.2,455.0,hummus clásico dia al punto 220 g platos_preparados hummus clásico dia al punto 220 g,0.19797687867066638,75.599999996976,-9.850000000000001,https://www.dia.es/platos-preparados-y-pizzas/hummus-y-guacamoles/p/278849
Guacamole Dia Al Punto 200 g,11.29,0.3,30.4,20.7,2.4,186.0,guacamole dia al punto 200 g platos_preparados guacamole dia al punto 200 g,0.26300578040007183,1.199999999952,-33.2,https://www.dia.es/platos-preparados-y-pizzas/hummus-y-guacamoles/p/289182
Pulpa de aguacate Dia Al Punto tarrina 125 g,11.37,23.5,1.3,12.2,5.8,452.0,pulpa de aguacate dia al punto tarrina 125 g platos_preparados pulpa de aguacate dia al punto tarrina 125 g,0.2572254335796803,93.99999999624,16.450000000000003,https://www.dia.es/frutas/frutas-tropicales/p/289184
Hummus de pimiento Dia Al Punto 220 g,12.82,10.4,37.1,3.8,7.3,71.0,hummus de pimiento dia al punto 220 g platos_preparados hummus de pimiento dia al punto 220 g,0.15245664746008258,41.599999998336,-4.650000000000002,https://www.dia.es/platos-preparados-y-pizzas/hummus-y-guacamoles/p/278850
Guacamole Dia Al Punto 400 g,4.29,4.7,22.7,18.1,9.6,375.0,guacamole dia al punto 400 g platos_preparados guacamole dia al punto 400 g,0.7687861271843363,18.799999999248,-15.15,https://www.dia.es/platos-preparados-y-pizzas/hummus-y-guacamoles/p/289183
Azúcar blanco Dia paquete 1 Kg,4.69,5.6,23.4,14.7,8.9,74.0,azúcar blanco dia paquete 1 kg alimentacion azúcar blanco dia paquete 1 kg,0.7398843930823782,22.399999999103997,-11.899999999999999,https://www.dia.es/azucar-chocolates-y-caramelos/azucar-y-edulcorantes/p/81798
Azúcar blanco Azucarera paquete 1 Kg,5.13,12.3,26.3,24.2,8.6,74.0,azúcar blanco azucarera paquete 1 kg alimentacion azúcar blanco azucarera paquete 1 kg,0.7080924855702245,49.199999998032,-16.450000000000003,https://www.dia.es/azucar-chocolates-y-caramelos/azucar-y-edulcorantes/p/178
Edulcorante líquido Dia botella 200 ml,3.64,11.4,26.2,12.9,5.1,95.0,edulcorante líquido dia botella 200 ml alimentacion edulcorante líquido dia botella 200 ml,0.815751445100018,45.599999998176,-9.5,https://www.dia.es/azucar-chocolates-y-caramelos/azucar-y-edulcorantes/p/198631
Azúcar moreno de caña integral Azucarera brik 800 g,14.33,5.1,53.9,18.3,7.2,342.0,azúcar moreno de caña integral azucarera brik 800 g alimentacion azúcar moreno de caña integral azucarera brik 800 g,0.043352601225191245,20.399999999183997,-32.95,https://www.dia.es/azucar-chocolates-y-caramelos/azucar-y-edulcorantes/p/42570
Azúcar moreno de caña integral Dia bolsa 1 Kg,12.4,15.8,26.7,0.4,3.5,107.0,azúcar moreno de caña integral dia bolsa 1 kg alimentacion azúcar moreno de caña integral dia bolsa 1 kg,0.18280346826713845,63.199999997472,5.5500000000000025,https://www.dia.es/azucar-chocolates-y-caramelos/azucar-y-edulcorantes/p/304818
Miel de flores antigoteo Mielove de Dia frasco 500 g,4.98,23.4,37.1,21.0,6.7,274.0,miel de flores antigoteo mielove de dia frasco 500 g alimentacion miel de flores antigoteo mielove de dia frasco 500 g,0.7189306358584587,93.59999999625599,-9.450000000000003,https://www.dia.es/azucar-chocolates-y-caramelos/miel/p/133109
Miel de flores Mielove de Dia frasco 1 Kg,8.12,10.6,1.9,22.4,9.6,434.0,miel de flores mielove de dia frasco 1 kg alimentacion miel de flores mielove de dia frasco 1 kg,0.4920520231580888,42.399999998304,-3.1499999999999995,https://www.dia.es/azucar-chocolates-y-caramelos/miel/p/297
Miel de eucalipto Mielove de Dia frasco 350 g,14.55,4.0,3.9,14.2,1.6,209.0,miel de eucalipto mielove de dia frasco 350 g alimentacion miel de eucalipto mielove de dia frasco 350 g,0.02745664746911436,15.999999999360002,-10.549999999999999,https://www.dia.es/azucar-chocolates-y-caramelos/miel/p/222956
Miel de montaña Mielove de Dia frasco 500 g,10.91,17.1,32.3,14.8,1.3,254.0,miel de montaña mielove de dia frasco 500 g alimentacion miel de montaña mielove de dia frasco 500 g,0.2904624277969319,68.399999997264,-12.549999999999997,https://www.dia.es/azucar-chocolates-y-caramelos/miel/p/302704
Miel de azahar Mielove de Dia frasco 350 g,8.03,8.2,52.2,26.9,0.2,416.0,miel de azahar mielove de dia frasco 350 g alimentacion miel de azahar mielove de dia frasco 350 g,0.4985549133310293,32.799999998687994,-44.6,https://www.dia.es/azucar-chocolates-y-caramelos/miel/p/222955
Mermelada de fresa extra Dia Fruticampo frasco 390 g,1.81,4.0,56.0,26.3,8.8,329.0,mermelada de fresa extra dia fruticampo frasco 390 g alimentacion mermelada de fresa extra dia fruticampo frasco 390 g,0.9479768786164756,15.999999999360002,-41.5,https://www.dia.es/azucar-chocolates-y-caramelos/mermeladas-y-frutas-en-almibar/p/135272
Mermelada de melocotón extra Dia Fruticampo frasco 390 g,4.43,23.8,24.1,9.9,1.7,342.0,mermelada de melocotón extra dia fruticampo frasco 390 g alimentacion mermelada de melocotón extra dia fruticampo frasco 390 g,0.758670520248651,95.19999999619199,3.549999999999999,https://www.dia.es/azucar-chocolates-y-caramelos/mermeladas-y-frutas-en-almibar/p/135271
Mermelada de fresa 0% sin azúcares añadidos Dia Fruticampo frasco 330 g,7.68,15.4,47.9,13.0,2.4,260.0,mermelada de fresa 0% sin azúcares añadidos dia fruticampo frasco 330 g alimentacion mermelada de fresa 0% sin azúcares añadidos dia fruticampo frasco 330 g,0.5238439306702425,61.599999997536,-19.15,https://www.dia.es/azucar-chocolates-y-caramelos/mermeladas-y-frutas-en-almibar/p/141570
Mermelada de albaricoque extra Dia Fruticampo frasco 390 g,13.36,16.2,26.3,25.0,4.3,297.0,mermelada de albaricoque extra dia fruticampo frasco 390 g alimentacion mermelada de albaricoque extra dia fruticampo frasco 390 g,0.11343930642243938,64.799999997408,-17.65,https://www.dia.es/azucar-chocolates-y-caramelos/mermeladas-y-frutas-en-almibar/p/148313
Melocotón en almíbar Dia Fruticampo 3 x 115 g,9.2,4.9,24.2,22.6,9.2,173.0,melocotón en almíbar dia fruticampo 3 x 115 g alimentacion melocotón en almíbar dia fruticampo 3 x 115 g,0.4140173410828023,19.599999999216,-20.6,https://www.dia.es/conservas-caldos-y-cremas/conservas-de-fruta/p/75604
Crema al cacao duo Dia Temptation bote 400 g,8.11,7.6,40.6,2.5,7.5,465.0,crema al cacao duo dia temptation bote 400 g alimentacion crema al cacao duo dia temptation bote 400 g,0.49277456651063767,30.399999998784,-7.700000000000001,https://www.dia.es/azucar-chocolates-y-caramelos/cremas-de-cacao/p/10446
Crema al cacao Dia Temptation bote 400 g,2.58,5.5,50.5,12.3,6.5,261.0,crema al cacao dia temptation bote 400 g alimentacion crema al cacao dia temptation bote 400 g,0.8923410404702066,21.99999999912,-25.55,https://www.dia.es/azucar-chocolates-y-caramelos/cremas-de-cacao/p/10445
Crema de avellanas y cacao Dia Temptation frasco 380 g,8.32,9.9,37.2,26.5,7.1,94.0,crema de avellanas y cacao dia temptation frasco 380 g alimentacion crema de avellanas y cacao dia temptation frasco 380 g,0.47760115610710974,39.599999998416,-28.1,https://www.dia.es/azucar-chocolates-y-caramelos/cremas-de-cacao/p/301463
Crema de cacao con avellanas Nutella bote 350 g,2.85,20.2,35.0,13.8,3.6,75.0,crema de cacao con avellanas nutella bote 350 g alimentacion crema de cacao con avellanas nutella bote 350 g,0.8728323699513849,80.79999999676801,-7.5,https://www.dia.es/azucar-chocolates-y-caramelos/cremas-de-cacao/p/49869
Crema de cacao con avellanas original Nocilla bote 180 g,7.43,23.5,37.7,8.0,2.4,98.0,crema de cacao con avellanas original nocilla bote 180 g alimentacion crema de cacao con avellanas original nocilla bote 180 g,0.5419075144839662,93.99999999624,-0.9500000000000028,https://www.dia.es/azucar-chocolates-y-caramelos/cremas-de-cacao/p/101749
Preparado para flanes y natillas Flanin caja 192 g,10.0,17.2,28.2,29.5,7.6,325.0,preparado para flanes y natillas flanin caja 192 g alimentacion preparado para flanes y natillas flanin caja 192 g,0.3562138728788863,68.799999997248,-18.800000000000004,https://www.dia.es/azucar-chocolates-y-caramelos/preparados-para-postres/p/26640
Perlitas de chocolate Dr. Oetker bolsa 100 g,10.83,0.2,0.2,9.7,5.7,103.0,perlitas de chocolate dr. oetker bolsa 100 g alimentacion perlitas de chocolate dr. oetker bolsa 100 g,0.2962427746173235,0.7999999999680001,-3.899999999999999,https://www.dia.es/azucar-chocolates-y-caramelos/preparados-para-postres/p/243992
Sirope de chocolate Delimagic de Dia botella 295 g,13.5,10.8,18.3,15.9,6.5,177.0,sirope de chocolate delimagic de dia botella 295 g alimentacion sirope de chocolate delimagic de dia botella 295 g,0.10332369948675402,43.199999998272006,-7.75,https://www.dia.es/azucar-chocolates-y-caramelos/preparados-para-postres/p/161790
Preparado para pastel fresco sabor limón Royal caja 103 g,9.53,19.4,4.1,25.3,9.6,81.0,preparado para pastel fresco sabor limón royal caja 103 g alimentacion preparado para pastel fresco sabor limón royal caja 103 g,0.3901734104486869,77.599999996896,1.6499999999999995,https://www.dia.es/azucar-chocolates-y-caramelos/preparados-para-postres/p/5373
Caramelo líquido Delimagic de Dia botella 400 g,11.37,14.7,4.8,15.3,2.7,111.0,caramelo líquido delimagic de dia botella 400 g alimentacion caramelo líquido delimagic de dia botella 400 g,0.2572254335796803,58.799999997648,-0.30000000000000204,https://www.dia.es/azucar-chocolates-y-caramelos/preparados-para-postres/p/21651
Chocolate con leche Dia Temptation 100 g,13.4,24.1,36.2,11.7,1.0,171.0,chocolate con leche dia temptation 100 g alimentacion chocolate con leche dia temptation 100 g,0.11054913301224356,96.399999996144,-4.699999999999999,https://www.dia.es/azucar-chocolates-y-caramelos/chocolates-y-bombones/p/300067
Mini barritas de chocolate con leche Dia Temptation caja 50 g,12.69,0.2,1.5,2.5,3.2,489.0,mini barritas de chocolate con leche dia temptation caja 50 g alimentacion mini barritas de chocolate con leche dia temptation caja 50 g,0.161849711043219,0.7999999999680001,0.15000000000000036,https://www.dia.es/azucar-chocolates-y-caramelos/chocolates-y-bombones/p/306068
Chocolate negro 85% cacao Dia Temptation 100 g,3.59,24.3,23.7,9.1,5.3,226.0,chocolate negro 85% cacao dia temptation 100 g alimentacion chocolate negro 85% cacao dia temptation 100 g,0.8193641618627627,97.19999999611201,8.65,https://www.dia.es/azucar-chocolates-y-caramelos/chocolates-y-bombones/p/235055
Chocolate negro 85% cacao en porciones Dia Temptation bolsa 176 g,9.67,4.8,10.6,0.4,8.1,492.0,chocolate negro 85% cacao en porciones dia temptation bolsa 176 g alimentacion chocolate negro 85% cacao en porciones dia temptation bolsa 176 g,0.38005780351300156,19.199999999232,7.199999999999998,https://www.dia.es/azucar-chocolates-y-caramelos/chocolates-y-bombones/p/300065
Chocolate blanco Dia Temptation 100 g,7.69,17.2,21.0,19.7,7.7,215.0,chocolate blanco dia temptation 100 g alimentacion chocolate blanco dia temptation 100 g,0.5231213873176934,68.799999997248,-5.300000000000001,https://www.dia.es/azucar-chocolates-y-caramelos/chocolates-y-bombones/p/300066
Golosinas surtidas mix brillo Dia Marcelo Caramelo bolsa 200 g,9.36,0.8,9.0,24.1,5.4,496.0,golosinas surtidas mix brillo dia marcelo caramelo bolsa 200 g alimentacion golosinas surtidas mix brillo dia marcelo caramelo bolsa 200 g,0.40245664744201903,3.1999999998720003,-22.400000000000002,https://www.dia.es/azucar-chocolates-y-caramelos/caramelos-chicles-y-golosinas/p/306400
Tronquitos sin pica relleno Dia Marcelo Caramelo bolsa 225 g,9.99,12.8,36.0,8.6,7.9,126.0,tronquitos sin pica relleno dia marcelo caramelo bolsa 225 g alimentacion tronquitos sin pica relleno dia marcelo caramelo bolsa 225 g,0.35693641623143524,51.199999997952006,-5.899999999999997,https://www.dia.es/azucar-chocolates-y-caramelos/caramelos-chicles-y-golosinas/p/162404
Golosinas surtidas mix pica Dia Marcelo Caramelo bolsa 200 g,12.7,10.2,26.4,0.9,2.6,209.0,golosinas surtidas mix pica dia marcelo caramelo bolsa 200 g alimentacion golosinas surtidas mix pica dia marcelo caramelo bolsa 200 g,0.16112716769067004,40.799999998367994,-1.3000000000000007,https://www.dia.es/azucar-chocolates-y-caramelos/caramelos-chicles-y-golosinas/p/306401
Nubes Dia Marcelo Caramelo bolsa 200 g,4.92,21.6,4.2,21.6,1.0,59.0,nubes dia marcelo caramelo bolsa 200 g alimentacion nubes dia marcelo caramelo bolsa 200 g,0.7232658959737525,86.39999999654401,-1.1,https://www.dia.es/azucar-chocolates-y-caramelos/caramelos-chicles-y-golosinas/p/34769
Caramelos de eucalipto y menta Iceberg de Dia bolsa 300 g,1.79,16.7,12.7,0.9,7.5,442.0,caramelos de eucalipto y menta iceberg de dia bolsa 300 g alimentacion caramelos de eucalipto y menta iceberg de dia bolsa 300 g,0.9494219653215735,66.799999997328,16.950000000000003,https://www.dia.es/azucar-chocolates-y-caramelos/caramelos-chicles-y-golosinas/p/161786
Hielo en cubitos 2 Kg,3.97,8.8,39.8,29.8,7.5,301.0,hielo en cubitos 2 kg congelados hielo en cubitos 2 kg,0.7919075144659027,35.199999998592006,-33.4,https://www.dia.es/congelados/helados-y-hielo/p/80803
Helado bombón crocante Dia Temptation 6 x 63 g,9.08,6.9,49.8,27.0,3.2,466.0,helado bombón crocante dia temptation 6 x 63 g congelados helado bombón crocante dia temptation 6 x 63 g,0.42268786131338953,27.599999998896003,-41.8,https://www.dia.es/congelados/helados-y-hielo/p/141678
Tarrina de helado pistacho cheesecake Dia Temptation 350 g,14.2,24.7,22.6,18.3,8.9,425.0,tarrina de helado pistacho cheesecake dia temptation 350 g congelados tarrina de helado pistacho cheesecake dia temptation 350 g,0.05274566480832765,98.79999999604799,4.0,https://www.dia.es/congelados/helados-y-hielo/p/304896
Tarrina helado crunchy salted caramel y chocolate Dia Temptation 350 g,5.15,21.6,1.7,20.4,9.5,275.0,tarrina helado crunchy salted caramel y chocolate dia temptation 350 g congelados tarrina helado crunchy salted caramel y chocolate dia temptation 350 g,0.7066473988651266,86.39999999654401,9.850000000000003,https://www.dia.es/congelados/helados-y-hielo/p/309953
Tarrina de helado choco brownie con salsa chocolate Dia Temptation 350 g,14.61,19.2,38.8,22.1,2.6,233.0,tarrina de helado choco brownie con salsa chocolate dia temptation 350 g congelados tarrina de helado choco brownie con salsa chocolate dia temptation 350 g,0.023121387353820744,76.799999996928,-19.7,https://www.dia.es/congelados/helados-y-hielo/p/271062
Tarrrina helado frosty pop - dough Dia Temptation 350 g,6.03,6.0,6.3,2.4,9.6,393.0,tarrrina helado frosty pop - dough dia temptation 350 g congelados tarrrina helado frosty pop - dough dia temptation 350 g,0.6430635838408191,23.99999999904,10.049999999999999,https://www.dia.es/congelados/helados-y-hielo/p/309600
Helado cono fresa o limón Dia Temptation 4 x 68 g,10.87,19.6,2.5,0.5,1.0,108.0,helado cono fresa o limón dia temptation 4 x 68 g congelados helado cono fresa o limón dia temptation 4 x 68 g,0.2933526012071277,78.399999996864,18.85,https://www.dia.es/congelados/helados-y-hielo/p/52192
Sándwich de nata Dia Temptation 6 x 50 g,1.23,24.8,43.7,3.5,0.5,401.0,sándwich de nata dia temptation 6 x 50 g congelados sándwich de nata dia temptation 6 x 50 g,0.9898843930643147,99.199999996032,-0.05000000000000071,https://www.dia.es/congelados/helados-y-hielo/p/271108
Tarrrina helado lemon cake Dia Temptation 350 g,13.98,6.7,56.8,21.8,9.0,347.0,tarrrina helado lemon cake dia temptation 350 g congelados tarrrina helado lemon cake dia temptation 350 g,0.06864161856440443,26.799999998927998,-34.5,https://www.dia.es/congelados/helados-y-hielo/p/309599
Helado cono nata y chocolate Dia Temptation 4 x 68 g,10.26,7.1,57.0,0.9,9.9,305.0,helado cono nata y chocolate dia temptation 4 x 68 g congelados helado cono nata y chocolate dia temptation 4 x 68 g,0.3374277457126136,28.399999998864,-12.399999999999999,https://www.dia.es/congelados/helados-y-hielo/p/44142
Helado bombón mini popcorn y cookies 6 unidades Dia Temptation 216 g,2.56,7.4,14.9,29.9,1.8,351.0,helado bombón mini popcorn y cookies 6 unidades dia temptation 216 g congelados helado bombón mini popcorn y cookies 6 unidades dia temptation 216 g,0.8937861271753045,29.599999998816003,-28.149999999999995,https://www.dia.es/congelados/helados-y-hielo/p/305214
Helado de yogur y fresa Dia Temptation 6 x 43 g,1.55,4.3,42.1,21.8,4.2,324.0,helado de yogur y fresa dia temptation 6 x 43 g congelados helado de yogur y fresa dia temptation 6 x 43 g,0.9667630057827483,17.199999999312,-34.35,https://www.dia.es/congelados/helados-y-hielo/p/256103
Sándwich cookie y vainilla Dia Temptation 4 x 60 g,6.74,11.5,55.2,9.4,0.5,229.0,sándwich cookie y vainilla dia temptation 4 x 60 g congelados sándwich cookie y vainilla dia temptation 4 x 60 g,0.5917630058098438,45.99999999816,-25.0,https://www.dia.es/congelados/helados-y-hielo/p/271097
Helado choco milky Dia Temptation 6 x 48 g,5.55,1.7,0.4,8.5,2.7,416.0,helado choco milky dia temptation 6 x 48 g congelados helado choco milky dia temptation 6 x 48 g,0.6777456647631687,6.799999999728,-4.3,https://www.dia.es/congelados/helados-y-hielo/p/261948
Helado cono nata y caramelo Dia Temptation 4 x 68 g,6.36,21.1,31.0,23.6,0.2,51.0,helado cono nata y caramelo dia temptation 4 x 68 g congelados helado cono nata y caramelo dia temptation 4 x 68 g,0.6192196532067038,84.399999996624,-17.8,https://www.dia.es/congelados/helados-y-hielo/p/73523
Helado cono black cookies Dia Temptation 4 x 65 g,9.42,11.7,11.7,13.4,5.9,212.0,helado cono black cookies dia temptation 4 x 65 g congelados helado cono black cookies dia temptation 4 x 65 g,0.3981213873267253,46.799999998127994,-1.6499999999999986,https://www.dia.es/congelados/helados-y-hielo/p/270674
Helado sandwich maxi duo 4 unidades Dia Temptation caja 400 g,3.38,14.0,48.8,2.4,9.8,487.0,helado sandwich maxi duo 4 unidades dia temptation caja 400 g congelados helado sandwich maxi duo 4 unidades dia temptation caja 400 g,0.8345375722662907,55.99999999776,-2.9999999999999964,https://www.dia.es/congelados/helados-y-hielo/p/271096
Polo vampiro Dia Temptation 6 x 35 g,8.91,4.0,10.6,18.0,2.9,146.0,polo vampiro dia temptation 6 x 35 g congelados polo vampiro dia temptation 6 x 35 g,0.43497109830672176,15.999999999360002,-16.4,https://www.dia.es/congelados/helados-y-hielo/p/291270
Helado cono nata Dia Temptation 4 x 68 g,8.52,10.1,50.8,16.3,7.6,297.0,helado cono nata dia temptation 4 x 68 g congelados helado cono nata dia temptation 4 x 68 g,0.46315028905613076,40.399999998384004,-24.0,https://www.dia.es/congelados/helados-y-hielo/p/44140
Helado sándwich Lotus Biscuit 4 x 43 g,7.97,9.9,54.1,11.9,1.1,115.0,helado sándwich lotus biscuit 4 x 43 g congelados helado sándwich lotus biscuit 4 x 43 g,0.5028901734463229,39.599999998416,-27.950000000000003,https://www.dia.es/congelados/helados-y-hielo/p/310539
Tarrina de helado strawberry cheesecake Dia Temptation 350 g,2.21,10.4,59.8,11.4,5.1,435.0,tarrina de helado strawberry cheesecake dia temptation 350 g congelados tarrina de helado strawberry cheesecake dia temptation 350 g,0.9190751445145177,41.599999998336,-25.799999999999997,https://www.dia.es/congelados/helados-y-hielo/p/261947
Helado bombón mini surtido Dia Temptation 8 x 36 g,2.7,4.9,29.9,16.9,1.9,77.0,helado bombón mini surtido dia temptation 8 x 36 g congelados helado bombón mini surtido dia temptation 8 x 36 g,0.8836705202396191,19.599999999216,-25.049999999999997,https://www.dia.es/congelados/helados-y-hielo/p/174731
Tarrina de helado de dulce de leche Dia Temptation 525 g,12.47,19.8,31.4,2.2,4.9,449.0,tarrina de helado de dulce de leche dia temptation 525 g congelados tarrina de helado de dulce de leche dia temptation 525 g,0.17774566479929577,79.199999996832,6.800000000000004,https://www.dia.es/congelados/helados-y-hielo/p/118822
Helado cono vainilla Dia Temptation 4 x 68 g,3.12,10.4,32.9,5.2,2.4,112.0,helado cono vainilla dia temptation 4 x 68 g congelados helado cono vainilla dia temptation 4 x 68 g,0.8533236994325633,41.599999998336,-8.849999999999998,https://www.dia.es/congelados/helados-y-hielo/p/14343
Tarrina de helado de vainilla Dia Temptation 500 g,7.82,1.7,56.8,9.8,4.1,228.0,tarrina de helado de vainilla dia temptation 500 g congelados tarrina de helado de vainilla dia temptation 500 g,0.5137283237345571,6.799999999728,-32.4,https://www.dia.es/congelados/helados-y-hielo/p/256189
Tarrina de helado cookie dough Dia Temptation 350 g,3.74,25.0,22.3,12.9,3.0,185.0,tarrina de helado cookie dough dia temptation 350 g congelados tarrina de helado cookie dough dia temptation 350 g,0.8085260115745284,99.999999996,3.9499999999999993,https://www.dia.es/congelados/helados-y-hielo/p/261946
Tarrina de helado menta con chocolate Dia Temptation 350 g,2.0,16.2,36.2,20.7,1.4,382.0,tarrina de helado menta con chocolate dia temptation 350 g congelados tarrina de helado menta con chocolate dia temptation 350 g,0.9342485549180456,64.799999997408,-21.200000000000003,https://www.dia.es/congelados/helados-y-hielo/p/256380
Tarrina de helado vainilla con nueces de macadamia Dia Temptation 350 g,8.5,21.2,51.8,7.7,5.7,311.0,tarrina de helado vainilla con nueces de macadamia dia temptation 350 g congelados tarrina de helado vainilla con nueces de macadamia dia temptation 350 g,0.46459537576122867,84.799999996608,-6.699999999999999,https://www.dia.es/congelados/helados-y-hielo/p/271064
Helado cono nata y fresa Dia Temptation 4 x 68 g,5.98,15.1,2.2,21.4,2.7,185.0,helado cono nata y fresa dia temptation 4 x 68 g congelados helado cono nata y fresa dia temptation 4 x 68 g,0.6466763006035638,60.399999997584,-4.6999999999999975,https://www.dia.es/congelados/helados-y-hielo/p/291350
Tarrina de tiramisú Dia Temptation 468 g,12.73,8.1,53.0,9.3,0.7,221.0,tarrina de tiramisú dia temptation 468 g congelados tarrina de tiramisú dia temptation 468 g,0.15895953763302306,32.399999998704,-27.0,https://www.dia.es/congelados/helados-y-hielo/p/271058
Helado bombón galleta y caramelo Dia Temptation 3 x 71 g,7.15,17.0,32.8,28.8,3.3,253.0,helado bombón galleta y caramelo dia temptation 3 x 71 g congelados helado bombón galleta y caramelo dia temptation 3 x 71 g,0.5621387283553367,67.99999999728,-24.9,https://www.dia.es/congelados/helados-y-hielo/p/291273
Polo refrescante mix para congelar Dia Marcelo Caramelo 600 ml,11.74,14.5,2.2,26.7,9.0,447.0,polo refrescante mix para congelar dia marcelo caramelo 600 ml congelados polo refrescante mix para congelar dia marcelo caramelo 600 ml,0.2304913295353691,57.99999999767999,-4.299999999999999,https://www.dia.es/congelados/helados-y-hielo/p/120001
Tarta laminada nata y chocolate Dia Temptation 525 g,7.47,14.0,47.9,1.9,8.7,462.0,tarta laminada nata y chocolate dia temptation 525 g congelados tarta laminada nata y chocolate dia temptation 525 g,0.5390173410737704,55.99999999776,-3.1499999999999986,https://www.dia.es/congelados/helados-y-hielo/p/129278
Helado sorbete sabores zumo de frutas Dia Temptation 5 x 80 g,8.29,13.0,1.8,10.8,0.9,353.0,helado sorbete sabores zumo de frutas dia temptation 5 x 80 g congelados helado sorbete sabores zumo de frutas dia temptation 5 x 80 g,0.4797687861647566,51.99999999792,2.1999999999999997,https://www.dia.es/congelados/helados-y-hielo/p/128846
Helado sorbete remolino de sabores 7 unidades Dia Temptation caja 455 g,9.95,21.0,28.1,3.2,1.8,72.0,helado sorbete remolino de sabores 7 unidades dia temptation caja 455 g congelados helado sorbete remolino de sabores 7 unidades dia temptation caja 455 g,0.35982658964163106,83.99999999664,5.550000000000001,https://www.dia.es/congelados/helados-y-hielo/p/271101
Helado bombón 70% cacao Dia Temptation 3 x 67 g,10.27,2.8,56.4,13.1,1.4,331.0,helado bombón 70% cacao dia temptation 3 x 67 g congelados helado bombón 70% cacao dia temptation 3 x 67 g,0.3367052023600646,11.199999999551999,-37.1,https://www.dia.es/congelados/helados-y-hielo/p/270898
Fantasmikos Nestlé 240 g,5.57,21.2,14.9,4.3,7.3,214.0,fantasmikos nestlé 240 g congelados fantasmikos nestlé 240 g,0.6763005780580708,84.799999996608,16.75,https://www.dia.es/congelados/helados-y-hielo/p/101153
Helado bombón almendrado Dia Temptation 4 x 90 g,7.93,7.7,58.4,24.7,7.0,303.0,helado bombón almendrado dia temptation 4 x 90 g congelados helado bombón almendrado dia temptation 4 x 90 g,0.5057803468565187,30.799999998768,-39.2,https://www.dia.es/congelados/helados-y-hielo/p/19507
Helado mini bombón nocciola Dia Temptation 6 x 38 g,1.58,19.6,34.7,10.9,0.5,358.0,helado mini bombón nocciola dia temptation 6 x 38 g congelados helado mini bombón nocciola dia temptation 6 x 38 g,0.9645953757251015,78.399999996864,-8.15,https://www.dia.es/congelados/helados-y-hielo/p/270894
Mini tarrinas helado 4 unidades Haagen Dazs 326 g,7.16,10.9,29.5,28.3,4.0,169.0,mini tarrinas helado 4 unidades haagen dazs 326 g congelados mini tarrinas helado 4 unidades haagen dazs 326 g,0.5614161850027879,43.599999998256,-28.15,https://www.dia.es/congelados/helados-y-hielo/p/309556
Tarrina de helado stracciatella Dia Temptation 525 g,6.99,15.0,28.3,7.9,1.6,378.0,tarrina de helado stracciatella dia temptation 525 g congelados tarrina de helado stracciatella dia temptation 525 g,0.57369942199612,59.99999999759999,-5.449999999999999,https://www.dia.es/congelados/helados-y-hielo/p/44145
Helado bombón chocolate negro Dia Temptation 4 x 83 g,9.7,13.6,24.9,4.5,9.5,187.0,helado bombón chocolate negro dia temptation 4 x 83 g congelados helado bombón chocolate negro dia temptation 4 x 83 g,0.3778901734553548,54.399999997824,6.150000000000002,https://www.dia.es/congelados/helados-y-hielo/p/19520
Helado mini bombón sin azúcar clásico y almendrado Dia Temptation 6 x 36 g,8.69,20.7,34.6,14.5,5.2,189.0,helado mini bombón sin azúcar clásico y almendrado dia temptation 6 x 36 g congelados helado mini bombón sin azúcar clásico y almendrado dia temptation 6 x 36 g,0.45086705206279865,82.799999996688,-5.900000000000002,https://www.dia.es/congelados/helados-y-hielo/p/291267
Tarrina sorbete de limón Dia Temptation 540 g,3.79,20.6,52.5,20.9,5.3,242.0,tarrina sorbete de limón dia temptation 540 g congelados tarrina sorbete de limón dia temptation 540 g,0.8049132948117836,82.39999999670401,-21.249999999999996,https://www.dia.es/congelados/helados-y-hielo/p/13201
Magnum mini mix 8 x 44 g,11.44,0.5,33.4,3.8,5.1,226.0,magnum mini mix 8 x 44 g congelados magnum mini mix 8 x 44 g,0.2521676301118376,1.9999999999200002,-14.899999999999999,https://www.dia.es/congelados/helados-y-hielo/p/65364
Tarta whisky Dia Temptation 525 g,7.13,1.6,51.8,4.3,5.8,377.0,tarta whisky dia temptation 525 g congelados tarta whisky dia temptation 525 g,0.5635838150604346,6.399999999744001,-22.799999999999997,https://www.dia.es/congelados/helados-y-hielo/p/40976
Helado corte turrón Dia Temptation 520 g,9.65,11.9,56.7,17.7,0.9,473.0,helado corte turrón dia temptation 520 g congelados helado corte turrón dia temptation 520 g,0.38150289021809947,47.599999998095996,-33.25,https://www.dia.es/congelados/helados-y-hielo/p/246232
Magnum after dinner classic 8 x 29 g,5.57,12.5,25.3,17.5,5.1,176.0,magnum after dinner classic 8 x 29 g congelados magnum after dinner classic 8 x 29 g,0.6763005780580708,49.999999998,-12.549999999999999,https://www.dia.es/congelados/helados-y-hielo/p/301399
Magnum almendrado 4 x 75 g,1.62,23.9,17.8,25.4,1.8,251.0,magnum almendrado 4 x 75 g congelados magnum almendrado 4 x 75 g,0.9617052023149057,95.599999996176,-8.6,https://www.dia.es/congelados/helados-y-hielo/p/55446
Hielo picado 2 Kg,2.19,2.0,38.0,16.2,6.5,395.0,hielo picado 2 kg congelados hielo picado 2 kg,0.9205202312196156,7.999999999680001,-26.7,https://www.dia.es/congelados/helados-y-hielo/p/243252
Helado caramel collection mini cups 4 unidades Haagen Dazs 321 g,14.3,5.3,44.5,13.8,6.8,184.0,helado caramel collection mini cups 4 unidades haagen dazs 321 g congelados helado caramel collection mini cups 4 unidades haagen dazs 321 g,0.04552023128283811,21.199999999152,-23.950000000000003,https://www.dia.es/congelados/helados-y-hielo/p/279117
Sándwich de nata y chocolate Somosierra 6 x 50 g,10.8,11.7,2.9,26.8,6.8,428.0,sándwich de nata y chocolate somosierra 6 x 50 g congelados sándwich de nata y chocolate somosierra 6 x 50 g,0.29841040467497026,46.799999998127994,-9.75,https://www.dia.es/congelados/helados-y-hielo/p/15828
Tarrina de helado de cacahuete alto en proteínas Dia Temptation 350 g,5.71,10.8,51.3,19.0,4.9,340.0,tarrina de helado de cacahuete alto en proteínas dia temptation 350 g congelados tarrina de helado de cacahuete alto en proteínas dia temptation 350 g,0.6661849711223855,43.199999998272006,-28.949999999999996,https://www.dia.es/congelados/helados-y-hielo/p/304895
Cornetto de chocolate 4 x 60 g,1.39,0.9,31.5,13.4,6.8,270.0,cornetto de chocolate 4 x 60 g congelados cornetto de chocolate 4 x 60 g,0.9783236994235316,3.599999999856,-21.45,https://www.dia.es/congelados/helados-y-hielo/p/283701
Cornetto 4 x 60 g,10.85,10.4,13.6,8.7,2.2,279.0,cornetto 4 x 60 g congelados cornetto 4 x 60 g,0.2947976879122256,41.599999998336,-2.8999999999999977,https://www.dia.es/congelados/helados-y-hielo/p/306565
Magnum mini almendrado 6 x 44 g,12.58,15.2,8.6,8.0,7.9,369.0,magnum mini almendrado 6 x 44 g congelados magnum mini almendrado 6 x 44 g,0.16979768792125738,60.799999997568,10.8,https://www.dia.es/congelados/helados-y-hielo/p/87939
Tarrina de helado de yogur y frutos del bosque Carte D'Or 480 g,8.72,17.2,8.8,0.1,9.9,102.0,tarrina de helado de yogur y frutos del bosque carte d'or 480 g congelados tarrina de helado de yogur y frutos del bosque carte d'or 480 g,0.44869942200515167,68.799999997248,22.6,https://www.dia.es/congelados/helados-y-hielo/p/301404
Maxibon cookies Nestlé 4 x 90 g,4.04,4.6,23.6,14.5,3.6,483.0,maxibon cookies nestlé 4 x 90 g congelados maxibon cookies nestlé 4 x 90 g,0.78684971099806,18.399999999264,-18.1,https://www.dia.es/congelados/helados-y-hielo/p/142973
Tarrina de helado cookie dough Ben&Jerry's 406 g,12.63,18.9,55.1,14.3,8.1,411.0,tarrina de helado cookie dough ben&jerry's 406 g congelados tarrina de helado cookie dough ben&jerry's 406 g,0.1661849711585126,75.599999996976,-14.850000000000001,https://www.dia.es/congelados/helados-y-hielo/p/272243
